[
  {
    "lock": "LOCK001",
    "color": "Mauv",
    "combination": "570",
    "delivery": "6698703184"
  },
  {
    "lock": "LOCK001",
    "color": "Violet",
    "combination": "54502",
    "delivery": "8306752791"
  },
  {
    "lock": "LOCK001",
    "color": "Pink",
    "combination": "1947",
    "delivery": "5407255251"
  },
  {
    "lock": "LOCK001",
    "color": "Khaki",
    "combination": "14764",
    "delivery": "7036676930"
  },
  {
    "lock": "LOCK001",
    "color": "Puce",
    "combination": "2",
    "delivery": "0761505156"
  },
  {
    "lock": "LOCK001",
    "color": "Turquoise",
    "combination": "9008",
    "delivery": "2483218105"
  },
  {
    "lock": "LOCK001",
    "color": "Indigo",
    "combination": "99996",
    "delivery": "4070889566"
  },
  {
    "lock": "LOCK001",
    "color": "Turquoise",
    "combination": "574",
    "delivery": "3986250050"
  },
  {
    "lock": "LOCK001",
    "color": "Fuscia",
    "combination": "1470",
    "delivery": "8538021869"
  },
  {
    "lock": "LOCK001",
    "color": "Goldenrod",
    "combination": "489",
    "delivery": "4712490683"
  },
  {
    "lock": "LOCK001",
    "color": "Pink",
    "combination": "6",
    "delivery": "6318689699"
  },
  {
    "lock": "LOCK001",
    "color": "Puce",
    "combination": "29",
    "delivery": "6660241078"
  },
  {
    "lock": "LOCK001",
    "color": "Fuscia",
    "combination": "1240",
    "delivery": "0148131727"
  },
  {
    "lock": "LOCK001",
    "color": "Violet",
    "combination": "62448",
    "delivery": "2858886725"
  },
  {
    "lock": "LOCK001",
    "color": "Puce",
    "combination": "932",
    "delivery": "8903719301"
  },
  {
    "lock": "LOCK001",
    "color": "Indigo",
    "combination": "34889",
    "delivery": "3702153314"
  },
  {
    "lock": "LOCK001",
    "color": "Green",
    "combination": "17",
    "delivery": "8543911141"
  },
  {
    "lock": "LOCK001",
    "color": "Violet",
    "combination": "896",
    "delivery": "7135557212"
  },
  {
    "lock": "LOCK001",
    "color": "Purple",
    "combination": "515",
    "delivery": "2302847504"
  },
  {
    "lock": "LOCK001",
    "color": "Maroon",
    "combination": "63946",
    "delivery": "8860481198"
  },
  {
    "lock": "LOCK001",
    "color": "Crimson",
    "combination": "86",
    "delivery": "8925382768"
  },
  {
    "lock": "LOCK001",
    "color": "Puce",
    "combination": "9",
    "delivery": "6001558760"
  },
  {
    "lock": "LOCK001",
    "color": "Blue",
    "combination": "142",
    "delivery": "2312697688"
  },
  {
    "lock": "LOCK001",
    "color": "Yellow",
    "combination": "9109",
    "delivery": "4468382953"
  },
  {
    "lock": "LOCK001",
    "color": "Mauv",
    "combination": "972",
    "delivery": "4010492805"
  },
  {
    "lock": "LOCK001",
    "color": "Goldenrod",
    "combination": "47",
    "delivery": "7326152381"
  },
  {
    "lock": "LOCK001",
    "color": "Yellow",
    "combination": "21",
    "delivery": "2009141695"
  },
  {
    "lock": "LOCK001",
    "color": "Crimson",
    "combination": "7",
    "delivery": "6844102461"
  },
  {
    "lock": "LOCK001",
    "color": "Orange",
    "combination": "8808",
    "delivery": "7014678906"
  },
  {
    "lock": "LOCK001",
    "color": "Maroon",
    "combination": "4",
    "delivery": "7401000563"
  },
  {
    "lock": "LOCK001",
    "color": "Indigo",
    "combination": "63296",
    "delivery": "5176150174"
  },
  {
    "lock": "LOCK001",
    "color": "Goldenrod",
    "combination": "3",
    "delivery": "5482895378"
  },
  {
    "lock": "LOCK001",
    "color": "Yellow",
    "combination": "2",
    "delivery": "0726326461"
  },
  {
    "lock": "LOCK001",
    "color": "Teal",
    "combination": "42",
    "delivery": "2143229135"
  },
  {
    "lock": "LOCK001",
    "color": "Yellow",
    "combination": "436",
    "delivery": "1678742325"
  },
  {
    "lock": "LOCK001",
    "color": "Yellow",
    "combination": "23",
    "delivery": "2439918504"
  },
  {
    "lock": "LOCK001",
    "color": "Teal",
    "combination": "1998",
    "delivery": "0125090900"
  },
  {
    "lock": "LOCK001",
    "color": "Orange",
    "combination": "9",
    "delivery": "4967616062"
  },
  {
    "lock": "LOCK001",
    "color": "Teal",
    "combination": "00138",
    "delivery": "3005629163"
  },
  {
    "lock": "LOCK001",
    "color": "Mauv",
    "combination": "3018",
    "delivery": "0754035212"
  },
  {
    "lock": "LOCK001",
    "color": "Khaki",
    "combination": "5368",
    "delivery": "8746812091"
  },
  {
    "lock": "LOCK001",
    "color": "Blue",
    "combination": "7903",
    "delivery": "9079967394"
  },
  {
    "lock": "LOCK001",
    "color": "Yellow",
    "combination": "51493",
    "delivery": "5719779892"
  },
  {
    "lock": "LOCK001",
    "color": "Turquoise",
    "combination": "5",
    "delivery": "5966798931"
  },
  {
    "lock": "LOCK001",
    "color": "Violet",
    "combination": "48",
    "delivery": "0724935193"
  },
  {
    "lock": "LOCK001",
    "color": "Fuscia",
    "combination": "1678",
    "delivery": "9599336151"
  },
  {
    "lock": "LOCK001",
    "color": "Violet",
    "combination": "7",
    "delivery": "5645080858"
  },
  {
    "lock": "LOCK001",
    "color": "Mauv",
    "combination": "960",
    "delivery": "9849570539"
  },
  {
    "lock": "LOCK001",
    "color": "Fuscia",
    "combination": "8751",
    "delivery": "9462800340"
  },
  {
    "lock": "LOCK001",
    "color": "Yellow",
    "combination": "327",
    "delivery": "2753040966"
  },
  {
    "lock": "LOCK001",
    "color": "Orange",
    "combination": "23",
    "delivery": "8269737828"
  },
  {
    "lock": "LOCK001",
    "color": "Turquoise",
    "combination": "883",
    "delivery": "3524019838"
  },
  {
    "lock": "LOCK001",
    "color": "Aquamarine",
    "combination": "0",
    "delivery": "6828259475"
  },
  {
    "lock": "LOCK001",
    "color": "Maroon",
    "combination": "9",
    "delivery": "0630118396"
  },
  {
    "lock": "LOCK001",
    "color": "Indigo",
    "combination": "11819",
    "delivery": "5302047381"
  },
  {
    "lock": "LOCK001",
    "color": "Yellow",
    "combination": "0",
    "delivery": "2244773337"
  },
  {
    "lock": "LOCK001",
    "color": "Pink",
    "combination": "1",
    "delivery": "9409085160"
  },
  {
    "lock": "LOCK001",
    "color": "Red",
    "combination": "04",
    "delivery": "5740112265"
  },
  {
    "lock": "LOCK001",
    "color": "Khaki",
    "combination": "963",
    "delivery": "4430582041"
  },
  {
    "lock": "LOCK001",
    "color": "Fuscia",
    "combination": "0910",
    "delivery": "4602666590"
  },
  {
    "lock": "LOCK001",
    "color": "Goldenrod",
    "combination": "095",
    "delivery": "2325093158"
  },
  {
    "lock": "LOCK001",
    "color": "Red",
    "combination": "8",
    "delivery": "1488586322"
  },
  {
    "lock": "LOCK001",
    "color": "Violet",
    "combination": "9",
    "delivery": "2070473147"
  },
  {
    "lock": "LOCK001",
    "color": "Orange",
    "combination": "5",
    "delivery": "6292376435"
  },
  {
    "lock": "LOCK001",
    "color": "Fuscia",
    "combination": "2984",
    "delivery": "8613243142"
  },
  {
    "lock": "LOCK001",
    "color": "Fuscia",
    "combination": "5608",
    "delivery": "3658901500"
  },
  {
    "lock": "LOCK001",
    "color": "Mauv",
    "combination": "09",
    "delivery": "4661669487"
  },
  {
    "lock": "LOCK001",
    "color": "Red",
    "combination": "34807",
    "delivery": "5235130278"
  },
  {
    "lock": "LOCK001",
    "color": "Khaki",
    "combination": "170",
    "delivery": "0275615677"
  },
  {
    "lock": "LOCK001",
    "color": "Teal",
    "combination": "484",
    "delivery": "3742942921"
  },
  {
    "lock": "LOCK001",
    "color": "Yellow",
    "combination": "19220",
    "delivery": "0973109092"
  },
  {
    "lock": "LOCK001",
    "color": "Yellow",
    "combination": "16",
    "delivery": "8729357918"
  },
  {
    "lock": "LOCK001",
    "color": "Aquamarine",
    "combination": "6",
    "delivery": "8175482532"
  },
  {
    "lock": "LOCK001",
    "color": "Purple",
    "combination": "82929",
    "delivery": "6731269816"
  },
  {
    "lock": "LOCK001",
    "color": "Purple",
    "combination": "752",
    "delivery": "6318329676"
  },
  {
    "lock": "LOCK001",
    "color": "Red",
    "combination": "99",
    "delivery": "3154918043"
  },
  {
    "lock": "LOCK001",
    "color": "Mauv",
    "combination": "62",
    "delivery": "6640365227"
  },
  {
    "lock": "LOCK001",
    "color": "Yellow",
    "combination": "135",
    "delivery": "2459051697"
  },
  {
    "lock": "LOCK001",
    "color": "Maroon",
    "combination": "7558",
    "delivery": "5353491289"
  },
  {
    "lock": "LOCK001",
    "color": "Goldenrod",
    "combination": "8341",
    "delivery": "3074418168"
  },
  {
    "lock": "LOCK001",
    "color": "Teal",
    "combination": "29",
    "delivery": "5398060058"
  },
  {
    "lock": "LOCK001",
    "color": "Orange",
    "combination": "855",
    "delivery": "9471729955"
  },
  {
    "lock": "LOCK001",
    "color": "Pink",
    "combination": "8027",
    "delivery": "1776846141"
  },
  {
    "lock": "LOCK001",
    "color": "Pink",
    "combination": "70",
    "delivery": "0558558429"
  },
  {
    "lock": "LOCK001",
    "color": "Khaki",
    "combination": "7554",
    "delivery": "6945460878"
  },
  {
    "lock": "LOCK001",
    "color": "Red",
    "combination": "61",
    "delivery": "1515261042"
  },
  {
    "lock": "LOCK001",
    "color": "Indigo",
    "combination": "11",
    "delivery": "2511843501"
  },
  {
    "lock": "LOCK001",
    "color": "Fuscia",
    "combination": "2",
    "delivery": "6013874174"
  },
  {
    "lock": "LOCK001",
    "color": "Puce",
    "combination": "48",
    "delivery": "2245422775"
  },
  {
    "lock": "LOCK001",
    "color": "Blue",
    "combination": "72",
    "delivery": "9266820563"
  },
  {
    "lock": "LOCK001",
    "color": "Red",
    "combination": "9",
    "delivery": "0448275384"
  },
  {
    "lock": "LOCK001",
    "color": "Orange",
    "combination": "5",
    "delivery": "3266045203"
  },
  {
    "lock": "LOCK001",
    "color": "Blue",
    "combination": "97130",
    "delivery": "9120373392"
  },
  {
    "lock": "LOCK001",
    "color": "Maroon",
    "combination": "07",
    "delivery": "2392377332"
  },
  {
    "lock": "LOCK001",
    "color": "Puce",
    "combination": "157",
    "delivery": "1408286866"
  },
  {
    "lock": "LOCK001",
    "color": "Pink",
    "combination": "8",
    "delivery": "6760165721"
  },
  {
    "lock": "LOCK001",
    "color": "Goldenrod",
    "combination": "3",
    "delivery": "4231821674"
  },
  {
    "lock": "LOCK001",
    "color": "Maroon",
    "combination": "3692",
    "delivery": "3093494486"
  },
  {
    "lock": "LOCK001",
    "color": "Mauv",
    "combination": "008",
    "delivery": "2380000301"
  },
  {
    "lock": "LOCK001",
    "color": "Indigo",
    "combination": "872",
    "delivery": "7798251871"
  },
  {
    "lock": "LOCK001",
    "color": "Puce",
    "combination": "6",
    "delivery": "7466966497"
  },
  {
    "lock": "LOCK001",
    "color": "Red",
    "combination": "27001",
    "delivery": "3933461707"
  },
  {
    "lock": "LOCK001",
    "color": "Yellow",
    "combination": "60386",
    "delivery": "6353689500"
  },
  {
    "lock": "LOCK001",
    "color": "Fuscia",
    "combination": "1158",
    "delivery": "1678941026"
  },
  {
    "lock": "LOCK001",
    "color": "Pink",
    "combination": "9",
    "delivery": "2482000629"
  },
  {
    "lock": "LOCK001",
    "color": "Teal",
    "combination": "784",
    "delivery": "9182815259"
  },
  {
    "lock": "LOCK001",
    "color": "Teal",
    "combination": "0",
    "delivery": "1398830925"
  },
  {
    "lock": "LOCK001",
    "color": "Crimson",
    "combination": "82",
    "delivery": "7153586008"
  },
  {
    "lock": "LOCK001",
    "color": "Puce",
    "combination": "58",
    "delivery": "8066490658"
  },
  {
    "lock": "LOCK001",
    "color": "Yellow",
    "combination": "5333",
    "delivery": "1771208732"
  },
  {
    "lock": "LOCK001",
    "color": "Aquamarine",
    "combination": "5789",
    "delivery": "4116347507"
  },
  {
    "lock": "LOCK001",
    "color": "Teal",
    "combination": "645",
    "delivery": "2874974501"
  },
  {
    "lock": "LOCK001",
    "color": "Indigo",
    "combination": "1700",
    "delivery": "7930442152"
  },
  {
    "lock": "LOCK001",
    "color": "Maroon",
    "combination": "3",
    "delivery": "0723124280"
  },
  {
    "lock": "LOCK001",
    "color": "Aquamarine",
    "combination": "3",
    "delivery": "5641674443"
  },
  {
    "lock": "LOCK001",
    "color": "Violet",
    "combination": "0369",
    "delivery": "4571880480"
  },
  {
    "lock": "LOCK001",
    "color": "Khaki",
    "combination": "1",
    "delivery": "3791595261"
  },
  {
    "lock": "LOCK001",
    "color": "Violet",
    "combination": "65",
    "delivery": "0123984173"
  },
  {
    "lock": "LOCK001",
    "color": "Indigo",
    "combination": "08",
    "delivery": "7394642879"
  },
  {
    "lock": "LOCK001",
    "color": "Red",
    "combination": "11",
    "delivery": "3771366364"
  },
  {
    "lock": "LOCK001",
    "color": "Puce",
    "combination": "6",
    "delivery": "0338202846"
  },
  {
    "lock": "LOCK001",
    "color": "Purple",
    "combination": "465",
    "delivery": "4330285126"
  },
  {
    "lock": "LOCK001",
    "color": "Blue",
    "combination": "75125",
    "delivery": "2849041351"
  },
  {
    "lock": "LOCK001",
    "color": "Turquoise",
    "combination": "3",
    "delivery": "3681600503"
  },
  {
    "lock": "LOCK001",
    "color": "Puce",
    "combination": "01",
    "delivery": "4652708505"
  },
  {
    "lock": "LOCK001",
    "color": "Maroon",
    "combination": "90830",
    "delivery": "4087213188"
  },
  {
    "lock": "LOCK001",
    "color": "Indigo",
    "combination": "9",
    "delivery": "3251780956"
  },
  {
    "lock": "LOCK001",
    "color": "Maroon",
    "combination": "1",
    "delivery": "6509143461"
  },
  {
    "lock": "LOCK001",
    "color": "Crimson",
    "combination": "4345",
    "delivery": "3004633310"
  },
  {
    "lock": "LOCK001",
    "color": "Goldenrod",
    "combination": "05477",
    "delivery": "9999747914"
  },
  {
    "lock": "LOCK001",
    "color": "Aquamarine",
    "combination": "56",
    "delivery": "4223936867"
  },
  {
    "lock": "LOCK001",
    "color": "Mauv",
    "combination": "9754",
    "delivery": "6772432738"
  },
  {
    "lock": "LOCK001",
    "color": "Violet",
    "combination": "8095",
    "delivery": "0266172636"
  },
  {
    "lock": "LOCK001",
    "color": "Purple",
    "combination": "43782",
    "delivery": "1752678222"
  },
  {
    "lock": "LOCK001",
    "color": "Purple",
    "combination": "4972",
    "delivery": "3763693645"
  },
  {
    "lock": "LOCK001",
    "color": "Khaki",
    "combination": "891",
    "delivery": "1674860110"
  },
  {
    "lock": "LOCK001",
    "color": "Orange",
    "combination": "49",
    "delivery": "0044837305"
  },
  {
    "lock": "LOCK001",
    "color": "Turquoise",
    "combination": "5449",
    "delivery": "6995783905"
  },
  {
    "lock": "LOCK001",
    "color": "Pink",
    "combination": "289",
    "delivery": "9797137155"
  },
  {
    "lock": "LOCK001",
    "color": "Indigo",
    "combination": "7",
    "delivery": "7990013630"
  },
  {
    "lock": "LOCK001",
    "color": "Khaki",
    "combination": "46174",
    "delivery": "5089456097"
  },
  {
    "lock": "LOCK001",
    "color": "Khaki",
    "combination": "467",
    "delivery": "3503367535"
  },
  {
    "lock": "LOCK001",
    "color": "Green",
    "combination": "5106",
    "delivery": "3289407837"
  },
  {
    "lock": "LOCK001",
    "color": "Goldenrod",
    "combination": "095",
    "delivery": "1114092908"
  },
  {
    "lock": "LOCK001",
    "color": "Khaki",
    "combination": "5864",
    "delivery": "2432897684"
  },
  {
    "lock": "LOCK001",
    "color": "Indigo",
    "combination": "375",
    "delivery": "3737808988"
  },
  {
    "lock": "LOCK001",
    "color": "Blue",
    "combination": "106",
    "delivery": "1888172002"
  },
  {
    "lock": "LOCK001",
    "color": "Green",
    "combination": "02",
    "delivery": "3653793726"
  },
  {
    "lock": "LOCK001",
    "color": "Red",
    "combination": "1",
    "delivery": "3454042496"
  },
  {
    "lock": "LOCK001",
    "color": "Orange",
    "combination": "0",
    "delivery": "5750677613"
  },
  {
    "lock": "LOCK001",
    "color": "Red",
    "combination": "0",
    "delivery": "6140922089"
  },
  {
    "lock": "LOCK001",
    "color": "Turquoise",
    "combination": "1",
    "delivery": "0916456110"
  },
  {
    "lock": "LOCK001",
    "color": "Mauv",
    "combination": "849",
    "delivery": "2149039907"
  },
  {
    "lock": "LOCK001",
    "color": "Turquoise",
    "combination": "2",
    "delivery": "8510646163"
  },
  {
    "lock": "LOCK001",
    "color": "Aquamarine",
    "combination": "30236",
    "delivery": "2612710612"
  },
  {
    "lock": "LOCK001",
    "color": "Indigo",
    "combination": "75",
    "delivery": "3889018092"
  },
  {
    "lock": "LOCK001",
    "color": "Puce",
    "combination": "5",
    "delivery": "7271461892"
  },
  {
    "lock": "LOCK001",
    "color": "Red",
    "combination": "96",
    "delivery": "1206510374"
  },
  {
    "lock": "LOCK001",
    "color": "Fuscia",
    "combination": "130",
    "delivery": "0927412551"
  },
  {
    "lock": "LOCK001",
    "color": "Green",
    "combination": "5",
    "delivery": "3885125889"
  },
  {
    "lock": "LOCK001",
    "color": "Green",
    "combination": "6735",
    "delivery": "1215639570"
  },
  {
    "lock": "LOCK001",
    "color": "Turquoise",
    "combination": "378",
    "delivery": "8327468634"
  },
  {
    "lock": "LOCK001",
    "color": "Turquoise",
    "combination": "8",
    "delivery": "7410642610"
  },
  {
    "lock": "LOCK001",
    "color": "Purple",
    "combination": "9",
    "delivery": "9807751292"
  },
  {
    "lock": "LOCK001",
    "color": "Red",
    "combination": "91307",
    "delivery": "5941276427"
  },
  {
    "lock": "LOCK001",
    "color": "Violet",
    "combination": "6",
    "delivery": "1962374033"
  },
  {
    "lock": "LOCK001",
    "color": "Fuscia",
    "combination": "4",
    "delivery": "5882352053"
  },
  {
    "lock": "LOCK001",
    "color": "Orange",
    "combination": "97",
    "delivery": "9019708236"
  },
  {
    "lock": "LOCK001",
    "color": "Yellow",
    "combination": "46",
    "delivery": "4042337937"
  },
  {
    "lock": "LOCK001",
    "color": "Red",
    "combination": "423",
    "delivery": "8550367869"
  },
  {
    "lock": "LOCK001",
    "color": "Purple",
    "combination": "717",
    "delivery": "7740740241"
  },
  {
    "lock": "LOCK001",
    "color": "Pink",
    "combination": "37803",
    "delivery": "2202157433"
  },
  {
    "lock": "LOCK001",
    "color": "Orange",
    "combination": "61",
    "delivery": "2937861199"
  },
  {
    "lock": "LOCK001",
    "color": "Orange",
    "combination": "7654",
    "delivery": "8278745412"
  },
  {
    "lock": "LOCK001",
    "color": "Goldenrod",
    "combination": "29",
    "delivery": "3890942547"
  },
  {
    "lock": "LOCK001",
    "color": "Blue",
    "combination": "56",
    "delivery": "2341461115"
  },
  {
    "lock": "LOCK001",
    "color": "Violet",
    "combination": "2",
    "delivery": "8326461156"
  },
  {
    "lock": "LOCK001",
    "color": "Fuscia",
    "combination": "06916",
    "delivery": "5869269555"
  },
  {
    "lock": "LOCK001",
    "color": "Purple",
    "combination": "9",
    "delivery": "8810459415"
  },
  {
    "lock": "LOCK001",
    "color": "Maroon",
    "combination": "53",
    "delivery": "5017821554"
  },
  {
    "lock": "LOCK001",
    "color": "Teal",
    "combination": "44",
    "delivery": "3516686898"
  },
  {
    "lock": "LOCK001",
    "color": "Yellow",
    "combination": "0573",
    "delivery": "5444496380"
  },
  {
    "lock": "LOCK001",
    "color": "Violet",
    "combination": "0315",
    "delivery": "2839929120"
  },
  {
    "lock": "LOCK001",
    "color": "Teal",
    "combination": "67641",
    "delivery": "5929414866"
  },
  {
    "lock": "LOCK001",
    "color": "Violet",
    "combination": "0",
    "delivery": "1254119930"
  },
  {
    "lock": "LOCK001",
    "color": "Green",
    "combination": "728",
    "delivery": "6884724870"
  },
  {
    "lock": "LOCK001",
    "color": "Purple",
    "combination": "6",
    "delivery": "0876377711"
  },
  {
    "lock": "LOCK001",
    "color": "Aquamarine",
    "combination": "5275",
    "delivery": "5073580729"
  },
  {
    "lock": "LOCK001",
    "color": "Aquamarine",
    "combination": "3",
    "delivery": "8662988946"
  },
  {
    "lock": "LOCK001",
    "color": "Blue",
    "combination": "6121",
    "delivery": "0350484619"
  },
  {
    "lock": "LOCK001",
    "color": "Red",
    "combination": "98202",
    "delivery": "3890913105"
  },
  {
    "lock": "LOCK001",
    "color": "Purple",
    "combination": "9566",
    "delivery": "4695765977"
  },
  {
    "lock": "LOCK001",
    "color": "Khaki",
    "combination": "6",
    "delivery": "9577799450"
  },
  {
    "lock": "LOCK001",
    "color": "Fuscia",
    "combination": "07124",
    "delivery": "1250980224"
  },
  {
    "lock": "LOCK001",
    "color": "Puce",
    "combination": "3",
    "delivery": "2927006911"
  },
  {
    "lock": "LOCK001",
    "color": "Green",
    "combination": "4294",
    "delivery": "5952000002"
  },
  {
    "lock": "LOCK001",
    "color": "Purple",
    "combination": "9",
    "delivery": "7019726704"
  },
  {
    "lock": "LOCK001",
    "color": "Khaki",
    "combination": "71",
    "delivery": "2033687562"
  },
  {
    "lock": "LOCK001",
    "color": "Red",
    "combination": "57091",
    "delivery": "8321179290"
  },
  {
    "lock": "LOCK001",
    "color": "Blue",
    "combination": "9",
    "delivery": "0135358493"
  },
  {
    "lock": "LOCK001",
    "color": "Puce",
    "combination": "71",
    "delivery": "5593833877"
  },
  {
    "lock": "LOCK001",
    "color": "Mauv",
    "combination": "250",
    "delivery": "2351484762"
  },
  {
    "lock": "LOCK001",
    "color": "Pink",
    "combination": "271",
    "delivery": "6340951198"
  },
  {
    "lock": "LOCK001",
    "color": "Goldenrod",
    "combination": "37",
    "delivery": "1121435734"
  },
  {
    "lock": "LOCK001",
    "color": "Yellow",
    "combination": "25955",
    "delivery": "6639409356"
  },
  {
    "lock": "LOCK001",
    "color": "Mauv",
    "combination": "83553",
    "delivery": "5245479419"
  },
  {
    "lock": "LOCK001",
    "color": "Green",
    "combination": "71058",
    "delivery": "6356765976"
  },
  {
    "lock": "LOCK001",
    "color": "Mauv",
    "combination": "0",
    "delivery": "7687027094"
  },
  {
    "lock": "LOCK001",
    "color": "Blue",
    "combination": "89507",
    "delivery": "9974332982"
  },
  {
    "lock": "LOCK001",
    "color": "Puce",
    "combination": "464",
    "delivery": "8748333034"
  },
  {
    "lock": "LOCK001",
    "color": "Violet",
    "combination": "75",
    "delivery": "8929391850"
  },
  {
    "lock": "LOCK001",
    "color": "Turquoise",
    "combination": "1180",
    "delivery": "6923952107"
  },
  {
    "lock": "LOCK001",
    "color": "Blue",
    "combination": "65",
    "delivery": "5536663097"
  },
  {
    "lock": "LOCK001",
    "color": "Orange",
    "combination": "7",
    "delivery": "6246500870"
  },
  {
    "lock": "LOCK001",
    "color": "Maroon",
    "combination": "63941",
    "delivery": "2547396092"
  },
  {
    "lock": "LOCK001",
    "color": "Maroon",
    "combination": "6969",
    "delivery": "2270696948"
  },
  {
    "lock": "LOCK001",
    "color": "Yellow",
    "combination": "9",
    "delivery": "0860117707"
  },
  {
    "lock": "LOCK001",
    "color": "Aquamarine",
    "combination": "357",
    "delivery": "2770434721"
  },
  {
    "lock": "LOCK001",
    "color": "Blue",
    "combination": "7",
    "delivery": "9927293127"
  },
  {
    "lock": "LOCK001",
    "color": "Yellow",
    "combination": "0581",
    "delivery": "4953519930"
  },
  {
    "lock": "LOCK001",
    "color": "Maroon",
    "combination": "7195",
    "delivery": "4953656350"
  },
  {
    "lock": "LOCK001",
    "color": "Maroon",
    "combination": "560",
    "delivery": "9228158913"
  },
  {
    "lock": "LOCK001",
    "color": "Crimson",
    "combination": "1",
    "delivery": "8781992165"
  },
  {
    "lock": "LOCK001",
    "color": "Orange",
    "combination": "437",
    "delivery": "6408370306"
  },
  {
    "lock": "LOCK001",
    "color": "Green",
    "combination": "273",
    "delivery": "8474357144"
  },
  {
    "lock": "LOCK001",
    "color": "Pink",
    "combination": "7",
    "delivery": "8956750777"
  },
  {
    "lock": "LOCK001",
    "color": "Crimson",
    "combination": "58",
    "delivery": "9975257275"
  },
  {
    "lock": "LOCK001",
    "color": "Green",
    "combination": "170",
    "delivery": "5815730491"
  },
  {
    "lock": "LOCK001",
    "color": "Puce",
    "combination": "0",
    "delivery": "7162069681"
  },
  {
    "lock": "LOCK001",
    "color": "Indigo",
    "combination": "4771",
    "delivery": "3037537043"
  },
  {
    "lock": "LOCK001",
    "color": "Yellow",
    "combination": "60",
    "delivery": "3746633273"
  },
  {
    "lock": "LOCK001",
    "color": "Turquoise",
    "combination": "53258",
    "delivery": "4456435461"
  },
  {
    "lock": "LOCK001",
    "color": "Purple",
    "combination": "753",
    "delivery": "1524271330"
  },
  {
    "lock": "LOCK001",
    "color": "Mauv",
    "combination": "8494",
    "delivery": "8273242676"
  },
  {
    "lock": "LOCK001",
    "color": "Indigo",
    "combination": "71175",
    "delivery": "1325760897"
  },
  {
    "lock": "LOCK001",
    "color": "Turquoise",
    "combination": "4335",
    "delivery": "0350368198"
  },
  {
    "lock": "LOCK001",
    "color": "Mauv",
    "combination": "85",
    "delivery": "9153129024"
  },
  {
    "lock": "LOCK001",
    "color": "Turquoise",
    "combination": "3",
    "delivery": "4229707916"
  },
  {
    "lock": "LOCK001",
    "color": "Turquoise",
    "combination": "84983",
    "delivery": "5234220648"
  },
  {
    "lock": "LOCK001",
    "color": "Teal",
    "combination": "0",
    "delivery": "8673046203"
  },
  {
    "lock": "LOCK001",
    "color": "Khaki",
    "combination": "0021",
    "delivery": "9768833475"
  },
  {
    "lock": "LOCK001",
    "color": "Khaki",
    "combination": "4",
    "delivery": "8997240900"
  },
  {
    "lock": "LOCK001",
    "color": "Puce",
    "combination": "371",
    "delivery": "7903338323"
  },
  {
    "lock": "LOCK001",
    "color": "Blue",
    "combination": "0",
    "delivery": "9800553118"
  },
  {
    "lock": "LOCK001",
    "color": "Puce",
    "combination": "061",
    "delivery": "7803881122"
  },
  {
    "lock": "LOCK001",
    "color": "Crimson",
    "combination": "7",
    "delivery": "7700306664"
  },
  {
    "lock": "LOCK001",
    "color": "Maroon",
    "combination": "05039",
    "delivery": "7650845362"
  },
  {
    "lock": "LOCK001",
    "color": "Pink",
    "combination": "39",
    "delivery": "6743395919"
  },
  {
    "lock": "LOCK001",
    "color": "Green",
    "combination": "54305",
    "delivery": "6109739847"
  },
  {
    "lock": "LOCK001",
    "color": "Teal",
    "combination": "05",
    "delivery": "1022100777"
  }
]
