[
  {
    "date": "2/3/2021",
    "name": "Babbette Lockton",
    "location": "Tennessee",
    "order": "4318753107",
    "rack": "Northland",
    "color": "Pink",
    "combination": "47"
  },
  {
    "date": "12/9/2020",
    "name": "Michelle Seeger",
    "location": "California",
    "order": "2599142350",
    "rack": "Tomscot",
    "color": "Goldenrod",
    "combination": "54"
  },
  {
    "date": "4/24/2020",
    "name": "Jenny Partington",
    "location": "Texas",
    "order": "5691996452",
    "rack": "Lunder",
    "color": "Green",
    "combination": "4"
  },
  {
    "date": "4/19/2020",
    "name": "Sibley Haill",
    "location": "Tennessee",
    "order": "4564016113",
    "rack": "Mccormick",
    "color": "Maroon",
    "combination": "9738"
  },
  {
    "date": "2/28/2021",
    "name": "Herve Priditt",
    "location": "Iowa",
    "order": "0701660708",
    "rack": "Shopko",
    "color": "Red",
    "combination": "47097"
  },
  {
    "date": "2/17/2021",
    "name": "Clary Dentith",
    "location": "New York",
    "order": "1845559363",
    "rack": "Jackson",
    "color": "Purple",
    "combination": "9"
  },
  {
    "date": "3/4/2021",
    "name": "Rip Caverhill",
    "location": "Massachusetts",
    "order": "1323300007",
    "rack": "Village",
    "color": "Crimson",
    "combination": "56"
  },
  {
    "date": "5/6/2020",
    "name": "Nap Stabbins",
    "location": "District of Columbia",
    "order": "2366547951",
    "rack": "Calypso",
    "color": "Indigo",
    "combination": "99"
  },
  {
    "date": "12/30/2020",
    "name": "Fulvia Beed",
    "location": "Indiana",
    "order": "3101949084",
    "rack": "Del Sol",
    "color": "Khaki",
    "combination": "4736"
  },
  {
    "date": "3/8/2021",
    "name": "Glenda Woolatt",
    "location": "Colorado",
    "order": "5922283030",
    "rack": "Caliangt",
    "color": "Khaki",
    "combination": "10"
  },
  {
    "date": "2/9/2021",
    "name": "Abeu Munnings",
    "location": "Texas",
    "order": "9563215842",
    "rack": "Straubel",
    "color": "Red",
    "combination": "87"
  },
  {
    "date": "4/10/2020",
    "name": "Jessey Scopham",
    "location": "Minnesota",
    "order": "8103057339",
    "rack": "Dayton",
    "color": "Orange",
    "combination": "1"
  },
  {
    "date": "11/6/2020",
    "name": "Benedick Yanukhin",
    "location": "Florida",
    "order": "3347587308",
    "rack": "Village",
    "color": "Blue",
    "combination": "5737"
  },
  {
    "date": "9/25/2020",
    "name": "Angelo Robrow",
    "location": "Wisconsin",
    "order": "6506941375",
    "rack": "Bartelt",
    "color": "Green",
    "combination": "158"
  },
  {
    "date": "3/30/2020",
    "name": "Georgie Ruttgers",
    "location": "Florida",
    "order": "1452521298",
    "rack": "Independence",
    "color": "Khaki",
    "combination": "39605"
  },
  {
    "date": "11/4/2020",
    "name": "Chevalier Cornilleau",
    "location": "Indiana",
    "order": "1357264666",
    "rack": "Carioca",
    "color": "Red",
    "combination": "39240"
  },
  {
    "date": "9/16/2020",
    "name": "Rosalynd Vaughan-Hughes",
    "location": "South Dakota",
    "order": "0167082795",
    "rack": "Nobel",
    "color": "Red",
    "combination": "92496"
  },
  {
    "date": "11/22/2020",
    "name": "Zack Mettericke",
    "location": "Texas",
    "order": "3990225596",
    "rack": "Di Loreto",
    "color": "Puce",
    "combination": "8"
  },
  {
    "date": "9/4/2020",
    "name": "Annice Ludford",
    "location": "Michigan",
    "order": "8825134347",
    "rack": "Eliot",
    "color": "Blue",
    "combination": "42"
  },
  {
    "date": "8/15/2020",
    "name": "Mag Breukelman",
    "location": "Iowa",
    "order": "0653789645",
    "rack": "Independence",
    "color": "Purple",
    "combination": "994"
  },
  {
    "date": "10/1/2020",
    "name": "Perice Edridge",
    "location": "New York",
    "order": "0389412031",
    "rack": "Northview",
    "color": "Puce",
    "combination": "1895"
  },
  {
    "date": "5/10/2020",
    "name": "Karolina Szwandt",
    "location": "Florida",
    "order": "5370420890",
    "rack": "Vahlen",
    "color": "Blue",
    "combination": "667"
  },
  {
    "date": "6/24/2020",
    "name": "Arly Probey",
    "location": "South Carolina",
    "order": "1614546797",
    "rack": "Dapin",
    "color": "Pink",
    "combination": "65"
  },
  {
    "date": "4/20/2020",
    "name": "Edie Laurance",
    "location": "New Jersey",
    "order": "7137122787",
    "rack": "Mayfield",
    "color": "Blue",
    "combination": "4"
  },
  {
    "date": "12/24/2020",
    "name": "Kelvin Monteath",
    "location": "Tennessee",
    "order": "9193207719",
    "rack": "Laurel",
    "color": "Pink",
    "combination": "4005"
  },
  {
    "date": "9/20/2020",
    "name": "Vinson Benyan",
    "location": "Texas",
    "order": "7533041550",
    "rack": "Warner",
    "color": "Aquamarine",
    "combination": "39631"
  },
  {
    "date": "9/16/2020",
    "name": "Atlanta Carragher",
    "location": "Florida",
    "order": "3111562115",
    "rack": "Mcbride",
    "color": "Purple",
    "combination": "64"
  },
  {
    "date": "6/12/2020",
    "name": "Butch Crudge",
    "location": "West Virginia",
    "order": "6712041732",
    "rack": "Vera",
    "color": "Fuscia",
    "combination": "98077"
  },
  {
    "date": "8/22/2020",
    "name": "Arabel Dumbreck",
    "location": "Michigan",
    "order": "2738453864",
    "rack": "Jay",
    "color": "Purple",
    "combination": "8726"
  },
  {
    "date": "4/11/2020",
    "name": "Robenia Faughny",
    "location": "Florida",
    "order": "9638705302",
    "rack": "Novick",
    "color": "Yellow",
    "combination": "7443"
  },
  {
    "date": "9/20/2020",
    "name": "Reade Comrie",
    "location": "Georgia",
    "order": "2733813757",
    "rack": "Anthes",
    "color": "Indigo",
    "combination": "4009"
  },
  {
    "date": "4/28/2020",
    "name": "Kimmie Lorant",
    "location": "Michigan",
    "order": "6073551673",
    "rack": "Canary",
    "color": "Green",
    "combination": "6"
  },
  {
    "date": "2/5/2021",
    "name": "Darcy Skentelbery",
    "location": "Florida",
    "order": "1259579700",
    "rack": "Randy",
    "color": "Aquamarine",
    "combination": "7978"
  },
  {
    "date": "8/28/2020",
    "name": "Eve Bourtoumieux",
    "location": "New York",
    "order": "5433560708",
    "rack": "Northview",
    "color": "Red",
    "combination": "4460"
  },
  {
    "date": "11/9/2020",
    "name": "Electra Faulo",
    "location": "Ohio",
    "order": "4558976925",
    "rack": "Elgar",
    "color": "Mauv",
    "combination": "84811"
  },
  {
    "date": "5/27/2020",
    "name": "Bonnibelle Critchlow",
    "location": "Arkansas",
    "order": "0010839496",
    "rack": "Logan",
    "color": "Aquamarine",
    "combination": "070"
  },
  {
    "date": "8/19/2020",
    "name": "Aeriell Skillen",
    "location": "Indiana",
    "order": "8621863251",
    "rack": "Barby",
    "color": "Mauv",
    "combination": "2"
  },
  {
    "date": "3/19/2021",
    "name": "Gates Quest",
    "location": "New Jersey",
    "order": "3914565306",
    "rack": "Dunning",
    "color": "Turquoise",
    "combination": "14271"
  },
  {
    "date": "9/9/2020",
    "name": "Jerrie Huygens",
    "location": "Texas",
    "order": "0981351751",
    "rack": "Service",
    "color": "Green",
    "combination": "7"
  },
  {
    "date": "10/26/2020",
    "name": "Noni Busch",
    "location": "Pennsylvania",
    "order": "7118734004",
    "rack": "Walton",
    "color": "Red",
    "combination": "18"
  },
  {
    "date": "6/24/2020",
    "name": "Ashlan Antcliff",
    "location": "Texas",
    "order": "7952501755",
    "rack": "Mccormick",
    "color": "Red",
    "combination": "664"
  },
  {
    "date": "8/4/2020",
    "name": "Kenon Schober",
    "location": "New Jersey",
    "order": "3514410348",
    "rack": "Mcguire",
    "color": "Khaki",
    "combination": "12"
  },
  {
    "date": "3/12/2021",
    "name": "Shamus Filde",
    "location": "Wisconsin",
    "order": "6210731570",
    "rack": "Granby",
    "color": "Yellow",
    "combination": "95950"
  },
  {
    "date": "3/24/2021",
    "name": "Eve Brownhall",
    "location": "Georgia",
    "order": "5697497016",
    "rack": "Meadow Valley",
    "color": "Blue",
    "combination": "6723"
  },
  {
    "date": "4/5/2020",
    "name": "Esma Cantu",
    "location": "Oklahoma",
    "order": "5571286512",
    "rack": "Kim",
    "color": "Maroon",
    "combination": "309"
  },
  {
    "date": "10/9/2020",
    "name": "Kyla Abrey",
    "location": "California",
    "order": "8753875494",
    "rack": "Loftsgordon",
    "color": "Puce",
    "combination": "1"
  },
  {
    "date": "5/28/2020",
    "name": "Myra Keers",
    "location": "Georgia",
    "order": "2203367385",
    "rack": "Scoville",
    "color": "Orange",
    "combination": "003"
  },
  {
    "date": "2/2/2021",
    "name": "Wilhelmine Awton",
    "location": "Texas",
    "order": "0163558035",
    "rack": "Valley Edge",
    "color": "Purple",
    "combination": "52"
  },
  {
    "date": "5/30/2020",
    "name": "Minnaminnie Streetley",
    "location": "California",
    "order": "8868094401",
    "rack": "Moose",
    "color": "Orange",
    "combination": "85466"
  },
  {
    "date": "8/26/2020",
    "name": "Daren Klemz",
    "location": "Pennsylvania",
    "order": "8518239818",
    "rack": "Sutteridge",
    "color": "Fuscia",
    "combination": "13601"
  },
  {
    "date": "3/28/2020",
    "name": "Martelle Kynder",
    "location": "Missouri",
    "order": "9753638132",
    "rack": "Erie",
    "color": "Maroon",
    "combination": "78"
  },
  {
    "date": "7/9/2020",
    "name": "Lory Stride",
    "location": "Tennessee",
    "order": "4774737461",
    "rack": "Mcbride",
    "color": "Khaki",
    "combination": "6488"
  },
  {
    "date": "10/29/2020",
    "name": "Ulrike Watkins",
    "location": "New Mexico",
    "order": "9737796152",
    "rack": "Bashford",
    "color": "Puce",
    "combination": "30"
  },
  {
    "date": "6/25/2020",
    "name": "Maiga Prescote",
    "location": "California",
    "order": "4209115576",
    "rack": "Spohn",
    "color": "Turquoise",
    "combination": "967"
  },
  {
    "date": "12/18/2020",
    "name": "Herbie Shepard",
    "location": "South Carolina",
    "order": "0580608565",
    "rack": "Lakewood",
    "color": "Violet",
    "combination": "277"
  },
  {
    "date": "10/16/2020",
    "name": "Nissa McKall",
    "location": "North Carolina",
    "order": "3025693649",
    "rack": "Charing Cross",
    "color": "Khaki",
    "combination": "4"
  },
  {
    "date": "5/4/2020",
    "name": "Vernice Laurenzi",
    "location": "Texas",
    "order": "8055865388",
    "rack": "1st",
    "color": "Maroon",
    "combination": "292"
  },
  {
    "date": "3/16/2021",
    "name": "Marlowe Garmanson",
    "location": "Texas",
    "order": "0220428123",
    "rack": "Kedzie",
    "color": "Indigo",
    "combination": "135"
  },
  {
    "date": "9/26/2020",
    "name": "Crystie Breeze",
    "location": "District of Columbia",
    "order": "0090858735",
    "rack": "Charing Cross",
    "color": "Puce",
    "combination": "3449"
  },
  {
    "date": "4/6/2020",
    "name": "Marillin Sansum",
    "location": "Delaware",
    "order": "5950262875",
    "rack": "Mesta",
    "color": "Mauv",
    "combination": "8160"
  },
  {
    "date": "5/12/2020",
    "name": "Horton Berkeley",
    "location": "Alabama",
    "order": "4228713807",
    "rack": "Thierer",
    "color": "Puce",
    "combination": "8277"
  },
  {
    "date": "9/30/2020",
    "name": "Gail Tredwell",
    "location": "Virginia",
    "order": "4615900945",
    "rack": "Ridgeview",
    "color": "Red",
    "combination": "8"
  },
  {
    "date": "12/25/2020",
    "name": "Taryn Rattery",
    "location": "Texas",
    "order": "9338776522",
    "rack": "Jackson",
    "color": "Turquoise",
    "combination": "4257"
  },
  {
    "date": "3/30/2020",
    "name": "Allyn Lambertazzi",
    "location": "Florida",
    "order": "5490650435",
    "rack": "Magdeline",
    "color": "Orange",
    "combination": "25911"
  },
  {
    "date": "5/10/2020",
    "name": "Kissie Holtham",
    "location": "Missouri",
    "order": "6852877442",
    "rack": "Lien",
    "color": "Puce",
    "combination": "66956"
  },
  {
    "date": "5/18/2020",
    "name": "Hadleigh Lampens",
    "location": "Michigan",
    "order": "2287923276",
    "rack": "Emmet",
    "color": "Fuscia",
    "combination": "38659"
  },
  {
    "date": "11/29/2020",
    "name": "Derk MattiCCI",
    "location": "Michigan",
    "order": "7314490090",
    "rack": "Hoard",
    "color": "Blue",
    "combination": "478"
  },
  {
    "date": "7/23/2020",
    "name": "Giffer MacCurlye",
    "location": "Oregon",
    "order": "5644654052",
    "rack": "Westport",
    "color": "Mauv",
    "combination": "74140"
  },
  {
    "date": "11/7/2020",
    "name": "Shani Hinksen",
    "location": "Louisiana",
    "order": "7168153676",
    "rack": "Victoria",
    "color": "Goldenrod",
    "combination": "325"
  },
  {
    "date": "3/2/2021",
    "name": "Jessy Rasper",
    "location": "Florida",
    "order": "0531702111",
    "rack": "Sullivan",
    "color": "Mauv",
    "combination": "32"
  },
  {
    "date": "1/27/2021",
    "name": "Andromache Maddison",
    "location": "Pennsylvania",
    "order": "2002221472",
    "rack": "Hollow Ridge",
    "color": "Turquoise",
    "combination": "25"
  },
  {
    "date": "7/16/2020",
    "name": "Genevieve Chessum",
    "location": "Mississippi",
    "order": "1785347675",
    "rack": "Sloan",
    "color": "Puce",
    "combination": "62511"
  },
  {
    "date": "10/1/2020",
    "name": "Asia Tilliards",
    "location": "New York",
    "order": "0110683161",
    "rack": "Riverside",
    "color": "Fuscia",
    "combination": "76"
  },
  {
    "date": "5/1/2020",
    "name": "Gusti Learmonth",
    "location": "Idaho",
    "order": "3654025463",
    "rack": "Morningstar",
    "color": "Green",
    "combination": "9"
  },
  {
    "date": "7/7/2020",
    "name": "Celle Winear",
    "location": "Alabama",
    "order": "7927082140",
    "rack": "Huxley",
    "color": "Red",
    "combination": "908"
  },
  {
    "date": "5/16/2020",
    "name": "Dyan Beadon",
    "location": "Arizona",
    "order": "6529081151",
    "rack": "Summit",
    "color": "Maroon",
    "combination": "3"
  },
  {
    "date": "10/17/2020",
    "name": "Kaitlynn MacCoveney",
    "location": "Virginia",
    "order": "4069442111",
    "rack": "Fallview",
    "color": "Violet",
    "combination": "0503"
  },
  {
    "date": "9/17/2020",
    "name": "Babbette Houlison",
    "location": "Pennsylvania",
    "order": "0552649740",
    "rack": "Gateway",
    "color": "Aquamarine",
    "combination": "594"
  },
  {
    "date": "12/29/2020",
    "name": "Shalne Sinkinson",
    "location": "California",
    "order": "2337341038",
    "rack": "Everett",
    "color": "Goldenrod",
    "combination": "41365"
  },
  {
    "date": "8/20/2020",
    "name": "Kira Hoofe",
    "location": "Alabama",
    "order": "0655161686",
    "rack": "Vidon",
    "color": "Violet",
    "combination": "7818"
  },
  {
    "date": "9/9/2020",
    "name": "Chas Timbs",
    "location": "New York",
    "order": "3855459363",
    "rack": "Spenser",
    "color": "Fuscia",
    "combination": "63009"
  },
  {
    "date": "4/12/2020",
    "name": "Theodora Catley",
    "location": "Kentucky",
    "order": "5886693645",
    "rack": "Jenifer",
    "color": "Purple",
    "combination": "533"
  },
  {
    "date": "8/4/2020",
    "name": "Georgena Wey",
    "location": "Florida",
    "order": "5587463184",
    "rack": "Dovetail",
    "color": "Turquoise",
    "combination": "4"
  },
  {
    "date": "11/20/2020",
    "name": "Chaddy Bendley",
    "location": "Florida",
    "order": "6142506848",
    "rack": "Columbus",
    "color": "Orange",
    "combination": "118"
  },
  {
    "date": "8/7/2020",
    "name": "Susi Deer",
    "location": "Illinois",
    "order": "7554802445",
    "rack": "Eagle Crest",
    "color": "Puce",
    "combination": "78653"
  },
  {
    "date": "12/11/2020",
    "name": "Coreen Gronow",
    "location": "Texas",
    "order": "3354363010",
    "rack": "Dayton",
    "color": "Mauv",
    "combination": "14"
  },
  {
    "date": "7/13/2020",
    "name": "Barnaby Jarvis",
    "location": "Alaska",
    "order": "7649018644",
    "rack": "Sage",
    "color": "Purple",
    "combination": "95"
  },
  {
    "date": "8/28/2020",
    "name": "Jenna Kiddey",
    "location": "District of Columbia",
    "order": "8527133199",
    "rack": "Monument",
    "color": "Green",
    "combination": "480"
  },
  {
    "date": "8/19/2020",
    "name": "Adaline McGettrick",
    "location": "Texas",
    "order": "6810681388",
    "rack": "Hudson",
    "color": "Puce",
    "combination": "92823"
  },
  {
    "date": "9/9/2020",
    "name": "Elton Leal",
    "location": "New Jersey",
    "order": "8811881714",
    "rack": "Kedzie",
    "color": "Fuscia",
    "combination": "7"
  },
  {
    "date": "4/20/2020",
    "name": "Maryanne Matisoff",
    "location": "Colorado",
    "order": "8282712353",
    "rack": "Pepper Wood",
    "color": "Purple",
    "combination": "00"
  },
  {
    "date": "10/9/2020",
    "name": "Trueman Goring",
    "location": "Utah",
    "order": "6449133791",
    "rack": "Lindbergh",
    "color": "Turquoise",
    "combination": "96"
  },
  {
    "date": "9/28/2020",
    "name": "Lilllie Stouther",
    "location": "Kansas",
    "order": "1010636979",
    "rack": "Elmside",
    "color": "Indigo",
    "combination": "273"
  },
  {
    "date": "10/24/2020",
    "name": "Wes Rathbone",
    "location": "Wisconsin",
    "order": "8179795470",
    "rack": "Ridgeview",
    "color": "Teal",
    "combination": "952"
  },
  {
    "date": "3/20/2021",
    "name": "Mariette Houston",
    "location": "Washington",
    "order": "8837230818",
    "rack": "Farmco",
    "color": "Turquoise",
    "combination": "37036"
  },
  {
    "date": "5/18/2020",
    "name": "Rogers Thurbon",
    "location": "Florida",
    "order": "5936547817",
    "rack": "Judy",
    "color": "Indigo",
    "combination": "91"
  },
  {
    "date": "10/25/2020",
    "name": "Celka Mantle",
    "location": "Tennessee",
    "order": "0827776934",
    "rack": "Kenwood",
    "color": "Fuscia",
    "combination": "51"
  },
  {
    "date": "12/24/2020",
    "name": "Vic Colville",
    "location": "North Carolina",
    "order": "5727727871",
    "rack": "Forest Run",
    "color": "Green",
    "combination": "6606"
  },
  {
    "date": "6/24/2020",
    "name": "Margette Povah",
    "location": "Alabama",
    "order": "7567916398",
    "rack": "Mifflin",
    "color": "Indigo",
    "combination": "41479"
  },
  {
    "date": "4/5/2020",
    "name": "Woodman Goter",
    "location": "Kansas",
    "order": "4070573720",
    "rack": "Namekagon",
    "color": "Red",
    "combination": "5"
  },
  {
    "date": "7/11/2020",
    "name": "Arlen Grelak",
    "location": "Louisiana",
    "order": "2326649826",
    "rack": "Novick",
    "color": "Mauv",
    "combination": "623"
  },
  {
    "date": "6/25/2020",
    "name": "Lukas Sandes",
    "location": "Illinois",
    "order": "5442722030",
    "rack": "Jenifer",
    "color": "Yellow",
    "combination": "88"
  },
  {
    "date": "6/11/2020",
    "name": "Farlay Trewartha",
    "location": "Colorado",
    "order": "8460820637",
    "rack": "Larry",
    "color": "Khaki",
    "combination": "155"
  },
  {
    "date": "3/2/2021",
    "name": "Audy Axtens",
    "location": "Georgia",
    "order": "4525025344",
    "rack": "Maple",
    "color": "Khaki",
    "combination": "7"
  },
  {
    "date": "7/30/2020",
    "name": "Homer Derisley",
    "location": "Virginia",
    "order": "3249685771",
    "rack": "Prentice",
    "color": "Purple",
    "combination": "1186"
  },
  {
    "date": "10/10/2020",
    "name": "Phillip Aland",
    "location": "Illinois",
    "order": "5130802276",
    "rack": "Stone Corner",
    "color": "Purple",
    "combination": "9"
  },
  {
    "date": "5/1/2020",
    "name": "Codi Blezard",
    "location": "North Carolina",
    "order": "4508676812",
    "rack": "Dapin",
    "color": "Turquoise",
    "combination": "495"
  },
  {
    "date": "11/30/2020",
    "name": "Roman Otton",
    "location": "Pennsylvania",
    "order": "0433727233",
    "rack": "1st",
    "color": "Violet",
    "combination": "63491"
  },
  {
    "date": "3/10/2021",
    "name": "Golda Gerardot",
    "location": "Wisconsin",
    "order": "3915598178",
    "rack": "Division",
    "color": "Khaki",
    "combination": "047"
  },
  {
    "date": "5/30/2020",
    "name": "Allis Giacomasso",
    "location": "Georgia",
    "order": "7387420769",
    "rack": "Mandrake",
    "color": "Turquoise",
    "combination": "91"
  },
  {
    "date": "8/9/2020",
    "name": "Caitlin Wyett",
    "location": "Maryland",
    "order": "1147687331",
    "rack": "Carey",
    "color": "Crimson",
    "combination": "058"
  },
  {
    "date": "7/26/2020",
    "name": "Clive Elesander",
    "location": "Florida",
    "order": "6276323969",
    "rack": "Charing Cross",
    "color": "Pink",
    "combination": "290"
  },
  {
    "date": "1/18/2021",
    "name": "Valera Kelling",
    "location": "Florida",
    "order": "0284981524",
    "rack": "Hintze",
    "color": "Indigo",
    "combination": "42"
  },
  {
    "date": "5/7/2020",
    "name": "Alessandra Nickols",
    "location": "New York",
    "order": "6751822774",
    "rack": "Susan",
    "color": "Green",
    "combination": "211"
  },
  {
    "date": "8/20/2020",
    "name": "Emiline Machel",
    "location": "Minnesota",
    "order": "6723214609",
    "rack": "Lake View",
    "color": "Indigo",
    "combination": "0955"
  },
  {
    "date": "3/22/2021",
    "name": "Leo Kardos-Stowe",
    "location": "Louisiana",
    "order": "0990126927",
    "rack": "Ridge Oak",
    "color": "Turquoise",
    "combination": "32185"
  },
  {
    "date": "5/24/2020",
    "name": "Thelma Bellows",
    "location": "Texas",
    "order": "0607782846",
    "rack": "Sundown",
    "color": "Green",
    "combination": "7"
  },
  {
    "date": "10/4/2020",
    "name": "Sammy Kadar",
    "location": "New York",
    "order": "5868273613",
    "rack": "Truax",
    "color": "Teal",
    "combination": "07094"
  },
  {
    "date": "10/16/2020",
    "name": "Wadsworth Waller",
    "location": "California",
    "order": "2052301593",
    "rack": "Comanche",
    "color": "Red",
    "combination": "85059"
  },
  {
    "date": "3/19/2021",
    "name": "Shela Lamble",
    "location": "District of Columbia",
    "order": "5748279479",
    "rack": "Namekagon",
    "color": "Purple",
    "combination": "29"
  },
  {
    "date": "6/17/2020",
    "name": "Jocelyn Michie",
    "location": "Indiana",
    "order": "4687128785",
    "rack": "Forster",
    "color": "Orange",
    "combination": "6"
  },
  {
    "date": "8/22/2020",
    "name": "Kary Camerana",
    "location": "North Carolina",
    "order": "9526554434",
    "rack": "Meadow Valley",
    "color": "Yellow",
    "combination": "63"
  },
  {
    "date": "11/23/2020",
    "name": "Anabelle Hatfield",
    "location": "Ohio",
    "order": "0945036183",
    "rack": "Lerdahl",
    "color": "Puce",
    "combination": "33"
  },
  {
    "date": "9/5/2020",
    "name": "Sorcha Sissens",
    "location": "Colorado",
    "order": "0219307571",
    "rack": "Homewood",
    "color": "Violet",
    "combination": "67937"
  },
  {
    "date": "8/19/2020",
    "name": "Carly Poile",
    "location": "California",
    "order": "0487552571",
    "rack": "Thierer",
    "color": "Puce",
    "combination": "87440"
  },
  {
    "date": "11/29/2020",
    "name": "Frederigo Proudman",
    "location": "New York",
    "order": "2659916152",
    "rack": "Jana",
    "color": "Goldenrod",
    "combination": "69"
  },
  {
    "date": "12/14/2020",
    "name": "Lita Scully",
    "location": "Florida",
    "order": "7723767994",
    "rack": "Roxbury",
    "color": "Aquamarine",
    "combination": "3635"
  },
  {
    "date": "12/26/2020",
    "name": "Meghann Capitano",
    "location": "Tennessee",
    "order": "8685815371",
    "rack": "Algoma",
    "color": "Mauv",
    "combination": "592"
  },
  {
    "date": "12/23/2020",
    "name": "Tildy Sorby",
    "location": "Florida",
    "order": "1271740117",
    "rack": "Laurel",
    "color": "Pink",
    "combination": "5"
  },
  {
    "date": "10/18/2020",
    "name": "Chandal Harmer",
    "location": "Texas",
    "order": "0290209692",
    "rack": "Delladonna",
    "color": "Aquamarine",
    "combination": "504"
  },
  {
    "date": "1/11/2021",
    "name": "Murvyn Calbreath",
    "location": "Virginia",
    "order": "7654874499",
    "rack": "International",
    "color": "Turquoise",
    "combination": "73645"
  },
  {
    "date": "9/30/2020",
    "name": "Ferguson Jerger",
    "location": "Texas",
    "order": "8798769596",
    "rack": "Mcbride",
    "color": "Teal",
    "combination": "40"
  },
  {
    "date": "2/20/2021",
    "name": "Kesley Kirkhouse",
    "location": "Ohio",
    "order": "6449294779",
    "rack": "Morningstar",
    "color": "Maroon",
    "combination": "30"
  },
  {
    "date": "7/6/2020",
    "name": "Ward Kordovani",
    "location": "Texas",
    "order": "9189252675",
    "rack": "Acker",
    "color": "Orange",
    "combination": "14"
  },
  {
    "date": "6/19/2020",
    "name": "Marylou Espadate",
    "location": "Washington",
    "order": "3642282679",
    "rack": "Elka",
    "color": "Orange",
    "combination": "6"
  },
  {
    "date": "1/6/2021",
    "name": "Brian Nornasell",
    "location": "District of Columbia",
    "order": "1438396457",
    "rack": "Johnson",
    "color": "Fuscia",
    "combination": "112"
  },
  {
    "date": "4/21/2020",
    "name": "Mora Patzelt",
    "location": "Ohio",
    "order": "1922508691",
    "rack": "Stephen",
    "color": "Pink",
    "combination": "7"
  },
  {
    "date": "7/2/2020",
    "name": "Ginny Rickaby",
    "location": "Iowa",
    "order": "7738448741",
    "rack": "Gale",
    "color": "Crimson",
    "combination": "8149"
  },
  {
    "date": "7/22/2020",
    "name": "Kellyann Liptrod",
    "location": "Kansas",
    "order": "2262644586",
    "rack": "Lindbergh",
    "color": "Orange",
    "combination": "51"
  },
  {
    "date": "3/11/2021",
    "name": "Denver Longega",
    "location": "Ohio",
    "order": "1022418106",
    "rack": "Hauk",
    "color": "Yellow",
    "combination": "702"
  },
  {
    "date": "2/24/2021",
    "name": "Giacobo Mapletoft",
    "location": "Texas",
    "order": "0702984892",
    "rack": "Kedzie",
    "color": "Orange",
    "combination": "5845"
  },
  {
    "date": "9/18/2020",
    "name": "Dieter Layhe",
    "location": "Texas",
    "order": "0724844430",
    "rack": "Redwing",
    "color": "Red",
    "combination": "8"
  },
  {
    "date": "8/17/2020",
    "name": "Drucill Lusty",
    "location": "Minnesota",
    "order": "1773029118",
    "rack": "Larry",
    "color": "Maroon",
    "combination": "8"
  },
  {
    "date": "8/13/2020",
    "name": "Harlin Byfield",
    "location": "Alaska",
    "order": "1412564611",
    "rack": "Oakridge",
    "color": "Red",
    "combination": "44895"
  },
  {
    "date": "12/20/2020",
    "name": "Amery Weal",
    "location": "New York",
    "order": "7037330663",
    "rack": "Gateway",
    "color": "Maroon",
    "combination": "0"
  },
  {
    "date": "4/8/2020",
    "name": "Evania Rittelmeyer",
    "location": "North Carolina",
    "order": "2951919743",
    "rack": "Rieder",
    "color": "Puce",
    "combination": "4695"
  },
  {
    "date": "7/17/2020",
    "name": "Jaquelyn Phillis",
    "location": "Virginia",
    "order": "4171341442",
    "rack": "Corben",
    "color": "Aquamarine",
    "combination": "280"
  },
  {
    "date": "9/21/2020",
    "name": "Tiphany McDavid",
    "location": "Michigan",
    "order": "9760351331",
    "rack": "Pond",
    "color": "Khaki",
    "combination": "75491"
  },
  {
    "date": "9/12/2020",
    "name": "Maud Ventam",
    "location": "Texas",
    "order": "7743959821",
    "rack": "Vermont",
    "color": "Puce",
    "combination": "85662"
  },
  {
    "date": "2/26/2021",
    "name": "Georgeta Davley",
    "location": "Florida",
    "order": "4372041012",
    "rack": "Fairview",
    "color": "Turquoise",
    "combination": "7"
  },
  {
    "date": "2/7/2021",
    "name": "Kristofor Luca",
    "location": "Michigan",
    "order": "5134899339",
    "rack": "Pearson",
    "color": "Green",
    "combination": "7576"
  },
  {
    "date": "5/17/2020",
    "name": "Aurel Gligoraci",
    "location": "California",
    "order": "9045048876",
    "rack": "Sunbrook",
    "color": "Pink",
    "combination": "040"
  },
  {
    "date": "4/21/2020",
    "name": "Ricca Heifer",
    "location": "Virginia",
    "order": "5180625777",
    "rack": "Lake View",
    "color": "Maroon",
    "combination": "54"
  },
  {
    "date": "10/5/2020",
    "name": "Dorolice Tussaine",
    "location": "Texas",
    "order": "2758454068",
    "rack": "Oneill",
    "color": "Aquamarine",
    "combination": "679"
  },
  {
    "date": "1/12/2021",
    "name": "Bryan Coalbran",
    "location": "Texas",
    "order": "1807313778",
    "rack": "Heath",
    "color": "Orange",
    "combination": "421"
  },
  {
    "date": "11/24/2020",
    "name": "Dun Tweedell",
    "location": "Alabama",
    "order": "8423220427",
    "rack": "Ridge Oak",
    "color": "Purple",
    "combination": "323"
  },
  {
    "date": "1/20/2021",
    "name": "Connie Baysting",
    "location": "Georgia",
    "order": "6438883891",
    "rack": "Chinook",
    "color": "Khaki",
    "combination": "01"
  },
  {
    "date": "6/10/2020",
    "name": "Ertha Meuse",
    "location": "Washington",
    "order": "4634914050",
    "rack": "Sachtjen",
    "color": "Violet",
    "combination": "557"
  },
  {
    "date": "2/16/2021",
    "name": "Belva Halgarth",
    "location": "California",
    "order": "1637628897",
    "rack": "Clyde Gallagher",
    "color": "Orange",
    "combination": "5"
  },
  {
    "date": "4/27/2020",
    "name": "Darline Eicke",
    "location": "Oklahoma",
    "order": "8221915327",
    "rack": "Nobel",
    "color": "Purple",
    "combination": "9"
  },
  {
    "date": "3/8/2021",
    "name": "Nathanil Teeney",
    "location": "South Dakota",
    "order": "7926513784",
    "rack": "Debra",
    "color": "Puce",
    "combination": "2102"
  },
  {
    "date": "12/19/2020",
    "name": "Addy Torricina",
    "location": "Louisiana",
    "order": "4229902131",
    "rack": "Hoard",
    "color": "Aquamarine",
    "combination": "12293"
  },
  {
    "date": "12/1/2020",
    "name": "Vernon Hallford",
    "location": "Massachusetts",
    "order": "2347103091",
    "rack": "Declaration",
    "color": "Red",
    "combination": "27883"
  },
  {
    "date": "4/22/2020",
    "name": "Opalina Rowlstone",
    "location": "Alabama",
    "order": "6399309964",
    "rack": "Glacier Hill",
    "color": "Teal",
    "combination": "7661"
  },
  {
    "date": "3/20/2021",
    "name": "Maggee McElwee",
    "location": "Kansas",
    "order": "8592810965",
    "rack": "Canary",
    "color": "Teal",
    "combination": "332"
  },
  {
    "date": "10/11/2020",
    "name": "Bradford Guilliland",
    "location": "Missouri",
    "order": "3919108639",
    "rack": "Victoria",
    "color": "Indigo",
    "combination": "0982"
  },
  {
    "date": "4/7/2020",
    "name": "Clarine Desesquelle",
    "location": "New York",
    "order": "3796510590",
    "rack": "Grasskamp",
    "color": "Khaki",
    "combination": "09656"
  },
  {
    "date": "6/30/2020",
    "name": "Michal Kesterton",
    "location": "Tennessee",
    "order": "4994736979",
    "rack": "Lakewood",
    "color": "Teal",
    "combination": "0192"
  },
  {
    "date": "1/22/2021",
    "name": "Hasheem Coskerry",
    "location": "Georgia",
    "order": "3495309144",
    "rack": "Leroy",
    "color": "Red",
    "combination": "21020"
  },
  {
    "date": "10/25/2020",
    "name": "Brook McGaugan",
    "location": "West Virginia",
    "order": "3305673257",
    "rack": "Leroy",
    "color": "Fuscia",
    "combination": "18493"
  },
  {
    "date": "5/7/2020",
    "name": "Anna-maria Terram",
    "location": "Connecticut",
    "order": "4607035793",
    "rack": "Service",
    "color": "Red",
    "combination": "495"
  },
  {
    "date": "5/9/2020",
    "name": "Edouard Griss",
    "location": "Kentucky",
    "order": "1268965081",
    "rack": "Sachtjen",
    "color": "Mauv",
    "combination": "0643"
  },
  {
    "date": "6/6/2020",
    "name": "Huntington Rhelton",
    "location": "Texas",
    "order": "2813154105",
    "rack": "Sage",
    "color": "Khaki",
    "combination": "278"
  },
  {
    "date": "3/30/2020",
    "name": "Duff Mapstone",
    "location": "Ohio",
    "order": "9673942994",
    "rack": "Pleasure",
    "color": "Mauv",
    "combination": "60212"
  },
  {
    "date": "2/23/2021",
    "name": "Justus Leythley",
    "location": "Iowa",
    "order": "3712529279",
    "rack": "Melody",
    "color": "Maroon",
    "combination": "5417"
  },
  {
    "date": "2/23/2021",
    "name": "Madeline Paye",
    "location": "District of Columbia",
    "order": "1620468700",
    "rack": "Ruskin",
    "color": "Pink",
    "combination": "653"
  },
  {
    "date": "6/11/2020",
    "name": "Edi Beminster",
    "location": "California",
    "order": "6815818578",
    "rack": "Calypso",
    "color": "Mauv",
    "combination": "27"
  },
  {
    "date": "5/2/2020",
    "name": "Vic Faulks",
    "location": "Connecticut",
    "order": "4679973013",
    "rack": "Eggendart",
    "color": "Teal",
    "combination": "78308"
  },
  {
    "date": "10/2/2020",
    "name": "Malissa Umbers",
    "location": "California",
    "order": "6284252684",
    "rack": "Gerald",
    "color": "Aquamarine",
    "combination": "3011"
  },
  {
    "date": "12/20/2020",
    "name": "Hayley Mowsley",
    "location": "California",
    "order": "2655737814",
    "rack": "Hauk",
    "color": "Purple",
    "combination": "04971"
  },
  {
    "date": "3/22/2021",
    "name": "Hillie Hilbourne",
    "location": "Illinois",
    "order": "3325120148",
    "rack": "Surrey",
    "color": "Orange",
    "combination": "85"
  },
  {
    "date": "12/15/2020",
    "name": "Bartholomew Levens",
    "location": "California",
    "order": "1533050546",
    "rack": "Hovde",
    "color": "Aquamarine",
    "combination": "13056"
  },
  {
    "date": "1/14/2021",
    "name": "Phillida Shuttle",
    "location": "California",
    "order": "2094969770",
    "rack": "Aberg",
    "color": "Purple",
    "combination": "18052"
  },
  {
    "date": "10/6/2020",
    "name": "Annie Ough",
    "location": "Florida",
    "order": "1301475343",
    "rack": "Merrick",
    "color": "Green",
    "combination": "219"
  },
  {
    "date": "12/12/2020",
    "name": "Frank Aldersey",
    "location": "Florida",
    "order": "8978307922",
    "rack": "Holy Cross",
    "color": "Pink",
    "combination": "6658"
  },
  {
    "date": "5/23/2020",
    "name": "Coleman Penhalurick",
    "location": "Louisiana",
    "order": "4676810636",
    "rack": "West",
    "color": "Blue",
    "combination": "0"
  },
  {
    "date": "8/6/2020",
    "name": "Talbert Ballaam",
    "location": "Kentucky",
    "order": "7433799362",
    "rack": "Oxford",
    "color": "Pink",
    "combination": "8311"
  },
  {
    "date": "10/24/2020",
    "name": "Raffarty Alexandrou",
    "location": "South Carolina",
    "order": "1675516901",
    "rack": "Sommers",
    "color": "Goldenrod",
    "combination": "48908"
  },
  {
    "date": "4/20/2020",
    "name": "Max McReynold",
    "location": "Michigan",
    "order": "4105931687",
    "rack": "Dryden",
    "color": "Puce",
    "combination": "791"
  },
  {
    "date": "9/18/2020",
    "name": "Coraline Raveau",
    "location": "Pennsylvania",
    "order": "2743410027",
    "rack": "Dwight",
    "color": "Red",
    "combination": "07"
  },
  {
    "date": "10/21/2020",
    "name": "Chrystel Amsden",
    "location": "Georgia",
    "order": "8235393514",
    "rack": "East",
    "color": "Yellow",
    "combination": "680"
  },
  {
    "date": "7/25/2020",
    "name": "Augustine Fery",
    "location": "California",
    "order": "2547079313",
    "rack": "Jenifer",
    "color": "Indigo",
    "combination": "57024"
  },
  {
    "date": "4/29/2020",
    "name": "Cris Fullard",
    "location": "California",
    "order": "3922135439",
    "rack": "Barby",
    "color": "Indigo",
    "combination": "725"
  },
  {
    "date": "8/31/2020",
    "name": "Hort Ilett",
    "location": "Texas",
    "order": "6952973265",
    "rack": "Burrows",
    "color": "Red",
    "combination": "06219"
  },
  {
    "date": "5/28/2020",
    "name": "Wallas Saddleton",
    "location": "Virginia",
    "order": "0857122290",
    "rack": "Annamark",
    "color": "Pink",
    "combination": "8205"
  },
  {
    "date": "9/18/2020",
    "name": "Kelly Masedon",
    "location": "Tennessee",
    "order": "6122616699",
    "rack": "Surrey",
    "color": "Yellow",
    "combination": "53"
  },
  {
    "date": "5/2/2020",
    "name": "Chickie Dorow",
    "location": "California",
    "order": "8825788576",
    "rack": "Lyons",
    "color": "Pink",
    "combination": "72"
  },
  {
    "date": "3/28/2020",
    "name": "Ddene Lardier",
    "location": "Texas",
    "order": "4937056360",
    "rack": "Laurel",
    "color": "Teal",
    "combination": "832"
  },
  {
    "date": "5/22/2020",
    "name": "Juliana Garth",
    "location": "Pennsylvania",
    "order": "8099379187",
    "rack": "Oak",
    "color": "Crimson",
    "combination": "1"
  },
  {
    "date": "9/27/2020",
    "name": "Frederico Downage",
    "location": "Texas",
    "order": "8522789541",
    "rack": "Tomscot",
    "color": "Purple",
    "combination": "03"
  },
  {
    "date": "2/20/2021",
    "name": "Cos Lineham",
    "location": "Minnesota",
    "order": "1391161947",
    "rack": "Service",
    "color": "Purple",
    "combination": "55496"
  },
  {
    "date": "12/11/2020",
    "name": "Dolly Jillis",
    "location": "South Carolina",
    "order": "1141427419",
    "rack": "Pearson",
    "color": "Purple",
    "combination": "42"
  },
  {
    "date": "8/26/2020",
    "name": "Collette Knapman",
    "location": "Texas",
    "order": "4044637733",
    "rack": "Village",
    "color": "Goldenrod",
    "combination": "9359"
  },
  {
    "date": "12/10/2020",
    "name": "Ettie Collop",
    "location": "California",
    "order": "5170422881",
    "rack": "Holmberg",
    "color": "Puce",
    "combination": "9"
  },
  {
    "date": "9/24/2020",
    "name": "Chelsie Cowill",
    "location": "Virginia",
    "order": "3083517858",
    "rack": "Memorial",
    "color": "Crimson",
    "combination": "7"
  },
  {
    "date": "10/12/2020",
    "name": "Nikolos Ounsworth",
    "location": "Connecticut",
    "order": "9068981188",
    "rack": "Fairview",
    "color": "Aquamarine",
    "combination": "3"
  },
  {
    "date": "4/19/2020",
    "name": "Zilvia Buckle",
    "location": "Georgia",
    "order": "5636649096",
    "rack": "Barnett",
    "color": "Khaki",
    "combination": "37671"
  },
  {
    "date": "12/4/2020",
    "name": "Cherin Trelevan",
    "location": "Nebraska",
    "order": "7059765840",
    "rack": "Logan",
    "color": "Crimson",
    "combination": "7"
  },
  {
    "date": "4/21/2020",
    "name": "Elyse Stonhard",
    "location": "Oklahoma",
    "order": "2908402904",
    "rack": "Packers",
    "color": "Mauv",
    "combination": "4"
  },
  {
    "date": "10/20/2020",
    "name": "Harley Gowar",
    "location": "Florida",
    "order": "0081094094",
    "rack": "Nancy",
    "color": "Purple",
    "combination": "7847"
  },
  {
    "date": "10/19/2020",
    "name": "Amalee Colebeck",
    "location": "California",
    "order": "7460530271",
    "rack": "Homewood",
    "color": "Indigo",
    "combination": "31523"
  },
  {
    "date": "11/21/2020",
    "name": "Dacie Fellini",
    "location": "Tennessee",
    "order": "1312886927",
    "rack": "Commercial",
    "color": "Goldenrod",
    "combination": "91"
  },
  {
    "date": "7/10/2020",
    "name": "Bax Cholomin",
    "location": "Florida",
    "order": "9019656929",
    "rack": "Ryan",
    "color": "Goldenrod",
    "combination": "2449"
  },
  {
    "date": "1/17/2021",
    "name": "Fern Haggard",
    "location": "Florida",
    "order": "6469313981",
    "rack": "Merrick",
    "color": "Goldenrod",
    "combination": "9123"
  },
  {
    "date": "3/14/2021",
    "name": "Jonell Ben",
    "location": "New York",
    "order": "4405016755",
    "rack": "Marcy",
    "color": "Crimson",
    "combination": "43993"
  },
  {
    "date": "12/21/2020",
    "name": "Konstance Najara",
    "location": "South Carolina",
    "order": "3319357646",
    "rack": "Elmside",
    "color": "Turquoise",
    "combination": "10"
  },
  {
    "date": "9/7/2020",
    "name": "Mikol Scutchings",
    "location": "Illinois",
    "order": "5785390973",
    "rack": "Debs",
    "color": "Violet",
    "combination": "266"
  },
  {
    "date": "6/12/2020",
    "name": "Mort Sunner",
    "location": "New York",
    "order": "2142794130",
    "rack": "Arrowood",
    "color": "Aquamarine",
    "combination": "63430"
  },
  {
    "date": "3/18/2021",
    "name": "Marline Davenport",
    "location": "Texas",
    "order": "3938743042",
    "rack": "Meadow Vale",
    "color": "Goldenrod",
    "combination": "138"
  },
  {
    "date": "9/28/2020",
    "name": "Nyssa Dewerson",
    "location": "New Mexico",
    "order": "6594748300",
    "rack": "Transport",
    "color": "Mauv",
    "combination": "4344"
  },
  {
    "date": "1/6/2021",
    "name": "Johnny Wedge",
    "location": "Kentucky",
    "order": "9641231537",
    "rack": "Nobel",
    "color": "Crimson",
    "combination": "04"
  },
  {
    "date": "11/16/2020",
    "name": "Row Broom",
    "location": "California",
    "order": "8607482556",
    "rack": "Arkansas",
    "color": "Green",
    "combination": "0657"
  },
  {
    "date": "4/28/2020",
    "name": "Wittie Scallan",
    "location": "Louisiana",
    "order": "9671089178",
    "rack": "Superior",
    "color": "Orange",
    "combination": "0"
  },
  {
    "date": "1/5/2021",
    "name": "Kerwin Joscelin",
    "location": "Florida",
    "order": "2562344669",
    "rack": "Duke",
    "color": "Green",
    "combination": "1"
  },
  {
    "date": "12/3/2020",
    "name": "Stavro Nieass",
    "location": "California",
    "order": "3724354592",
    "rack": "Vidon",
    "color": "Orange",
    "combination": "087"
  },
  {
    "date": "3/28/2020",
    "name": "Ruthie McCurrie",
    "location": "New Mexico",
    "order": "1728475252",
    "rack": "Dahle",
    "color": "Indigo",
    "combination": "162"
  },
  {
    "date": "9/7/2020",
    "name": "Conney Tarply",
    "location": "West Virginia",
    "order": "9824682619",
    "rack": "Mandrake",
    "color": "Fuscia",
    "combination": "65"
  },
  {
    "date": "4/20/2020",
    "name": "Josselyn Surridge",
    "location": "Florida",
    "order": "7798273417",
    "rack": "Sunbrook",
    "color": "Orange",
    "combination": "3804"
  },
  {
    "date": "4/27/2020",
    "name": "Rivkah Matyasik",
    "location": "Oklahoma",
    "order": "3666979467",
    "rack": "Meadow Valley",
    "color": "Violet",
    "combination": "57"
  },
  {
    "date": "9/19/2020",
    "name": "Reidar Aujouanet",
    "location": "New York",
    "order": "6678218914",
    "rack": "Jay",
    "color": "Turquoise",
    "combination": "591"
  },
  {
    "date": "6/1/2020",
    "name": "Wash Larcher",
    "location": "Kentucky",
    "order": "3577094656",
    "rack": "Fair Oaks",
    "color": "Fuscia",
    "combination": "809"
  },
  {
    "date": "7/9/2020",
    "name": "Ranice Mustill",
    "location": "Georgia",
    "order": "8338522031",
    "rack": "Nova",
    "color": "Indigo",
    "combination": "5780"
  },
  {
    "date": "8/29/2020",
    "name": "Artur McElwee",
    "location": "Arizona",
    "order": "8999517683",
    "rack": "Boyd",
    "color": "Puce",
    "combination": "0022"
  },
  {
    "date": "10/26/2020",
    "name": "Bartholomeus Sainz",
    "location": "California",
    "order": "9209978765",
    "rack": "Farwell",
    "color": "Mauv",
    "combination": "58"
  },
  {
    "date": "8/5/2020",
    "name": "Yulma L'Episcopi",
    "location": "Ohio",
    "order": "9628925989",
    "rack": "Comanche",
    "color": "Turquoise",
    "combination": "81641"
  },
  {
    "date": "10/21/2020",
    "name": "Angelle Whitelock",
    "location": "Colorado",
    "order": "2585737675",
    "rack": "Trailsway",
    "color": "Puce",
    "combination": "8"
  },
  {
    "date": "10/7/2020",
    "name": "Mariana Birtwhistle",
    "location": "Texas",
    "order": "1550232622",
    "rack": "Delladonna",
    "color": "Yellow",
    "combination": "2"
  },
  {
    "date": "4/2/2020",
    "name": "Regina Greenroa",
    "location": "Texas",
    "order": "9352484924",
    "rack": "Summit",
    "color": "Crimson",
    "combination": "6"
  },
  {
    "date": "6/29/2020",
    "name": "Horten Braid",
    "location": "Texas",
    "order": "8760460040",
    "rack": "Westend",
    "color": "Crimson",
    "combination": "89"
  },
  {
    "date": "3/31/2020",
    "name": "Lorain Tudhope",
    "location": "Texas",
    "order": "6631776023",
    "rack": "Dawn",
    "color": "Green",
    "combination": "34"
  },
  {
    "date": "5/7/2020",
    "name": "Mace Mulholland",
    "location": "Utah",
    "order": "4898874177",
    "rack": "Graedel",
    "color": "Indigo",
    "combination": "97489"
  },
  {
    "date": "10/30/2020",
    "name": "Othilie McAree",
    "location": "Iowa",
    "order": "7063184008",
    "rack": "Sycamore",
    "color": "Orange",
    "combination": "26964"
  },
  {
    "date": "7/30/2020",
    "name": "Brandice Iorns",
    "location": "California",
    "order": "5121988958",
    "rack": "Continental",
    "color": "Fuscia",
    "combination": "695"
  },
  {
    "date": "4/18/2020",
    "name": "Austen Keveren",
    "location": "Nebraska",
    "order": "3461797634",
    "rack": "Sycamore",
    "color": "Maroon",
    "combination": "92"
  },
  {
    "date": "11/26/2020",
    "name": "Rossy Loram",
    "location": "Pennsylvania",
    "order": "0411600281",
    "rack": "Gale",
    "color": "Violet",
    "combination": "232"
  },
  {
    "date": "7/20/2020",
    "name": "Brittan Este",
    "location": "Kansas",
    "order": "5728796443",
    "rack": "Nobel",
    "color": "Pink",
    "combination": "6"
  },
  {
    "date": "9/1/2020",
    "name": "Elinor Kobierzycki",
    "location": "Massachusetts",
    "order": "3182771523",
    "rack": "Transport",
    "color": "Pink",
    "combination": "6"
  },
  {
    "date": "12/2/2020",
    "name": "Casie De Atta",
    "location": "Maryland",
    "order": "5975040728",
    "rack": "Eagle Crest",
    "color": "Teal",
    "combination": "597"
  },
  {
    "date": "7/25/2020",
    "name": "Corty Di Nisco",
    "location": "Arizona",
    "order": "4110458625",
    "rack": "Di Loreto",
    "color": "Crimson",
    "combination": "83572"
  },
  {
    "date": "4/2/2020",
    "name": "Rudd McGrotty",
    "location": "Ohio",
    "order": "6588942265",
    "rack": "Sutteridge",
    "color": "Mauv",
    "combination": "941"
  },
  {
    "date": "3/1/2021",
    "name": "Hilde Brownlow",
    "location": "Tennessee",
    "order": "4871485986",
    "rack": "Novick",
    "color": "Fuscia",
    "combination": "8"
  },
  {
    "date": "5/5/2020",
    "name": "Fina Ilchuk",
    "location": "Oregon",
    "order": "1235527093",
    "rack": "Claremont",
    "color": "Maroon",
    "combination": "9"
  },
  {
    "date": "8/28/2020",
    "name": "Quentin Highway",
    "location": "Alaska",
    "order": "7522469562",
    "rack": "Summerview",
    "color": "Pink",
    "combination": "6973"
  },
  {
    "date": "6/16/2020",
    "name": "Desi Fife",
    "location": "Kentucky",
    "order": "2183513683",
    "rack": "Carey",
    "color": "Green",
    "combination": "0"
  },
  {
    "date": "8/9/2020",
    "name": "Curry Hinkes",
    "location": "Wisconsin",
    "order": "4339913936",
    "rack": "Boyd",
    "color": "Crimson",
    "combination": "9527"
  },
  {
    "date": "9/28/2020",
    "name": "Bobbie Saiens",
    "location": "Connecticut",
    "order": "4726871145",
    "rack": "Holy Cross",
    "color": "Red",
    "combination": "15"
  },
  {
    "date": "8/8/2020",
    "name": "Tilly Fraschini",
    "location": "Florida",
    "order": "6082252322",
    "rack": "2nd",
    "color": "Goldenrod",
    "combination": "9767"
  },
  {
    "date": "3/25/2020",
    "name": "Danette Shillitoe",
    "location": "Illinois",
    "order": "1847171680",
    "rack": "Hovde",
    "color": "Mauv",
    "combination": "87829"
  },
  {
    "date": "4/6/2020",
    "name": "Tadeas Keune",
    "location": "Minnesota",
    "order": "6504935254",
    "rack": "Continental",
    "color": "Red",
    "combination": "44179"
  },
  {
    "date": "3/15/2021",
    "name": "Dorine Gowers",
    "location": "Arizona",
    "order": "4430611629",
    "rack": "Garrison",
    "color": "Khaki",
    "combination": "61"
  },
  {
    "date": "11/25/2020",
    "name": "Monte Tchir",
    "location": "Texas",
    "order": "7699761227",
    "rack": "Russell",
    "color": "Blue",
    "combination": "1383"
  },
  {
    "date": "6/18/2020",
    "name": "Helenka Bentson",
    "location": "South Carolina",
    "order": "0668347015",
    "rack": "Monument",
    "color": "Indigo",
    "combination": "4"
  },
  {
    "date": "3/1/2021",
    "name": "Herbie Bagniuk",
    "location": "Kansas",
    "order": "0548446571",
    "rack": "Knutson",
    "color": "Yellow",
    "combination": "50"
  },
  {
    "date": "12/3/2020",
    "name": "Orazio Chesshire",
    "location": "District of Columbia",
    "order": "3524896332",
    "rack": "Dennis",
    "color": "Puce",
    "combination": "7"
  },
  {
    "date": "11/7/2020",
    "name": "Claudio Arkcoll",
    "location": "Texas",
    "order": "0664531911",
    "rack": "Novick",
    "color": "Fuscia",
    "combination": "78691"
  },
  {
    "date": "6/4/2020",
    "name": "Stephani Shipway",
    "location": "New Jersey",
    "order": "8691449349",
    "rack": "5th",
    "color": "Crimson",
    "combination": "65"
  },
  {
    "date": "7/19/2020",
    "name": "Felicity Kew",
    "location": "Colorado",
    "order": "9815713426",
    "rack": "East",
    "color": "Maroon",
    "combination": "4673"
  },
  {
    "date": "6/10/2020",
    "name": "Hortense Coe",
    "location": "Kansas",
    "order": "0590399373",
    "rack": "Sunbrook",
    "color": "Khaki",
    "combination": "57623"
  },
  {
    "date": "10/25/2020",
    "name": "Hadria Scole",
    "location": "Michigan",
    "order": "9670972450",
    "rack": "Clove",
    "color": "Green",
    "combination": "173"
  },
  {
    "date": "2/19/2021",
    "name": "Clarie Timms",
    "location": "California",
    "order": "8348444750",
    "rack": "Boyd",
    "color": "Puce",
    "combination": "826"
  },
  {
    "date": "4/13/2020",
    "name": "Arlen Brophy",
    "location": "District of Columbia",
    "order": "1096353091",
    "rack": "Green",
    "color": "Red",
    "combination": "73697"
  },
  {
    "date": "9/24/2020",
    "name": "Virgie Dust",
    "location": "Florida",
    "order": "9228218118",
    "rack": "Reinke",
    "color": "Mauv",
    "combination": "574"
  },
  {
    "date": "3/2/2021",
    "name": "Katrine Kilian",
    "location": "Pennsylvania",
    "order": "2408460786",
    "rack": "Brown",
    "color": "Turquoise",
    "combination": "91"
  },
  {
    "date": "7/28/2020",
    "name": "Willie MacEntee",
    "location": "Michigan",
    "order": "5189552454",
    "rack": "Eagan",
    "color": "Red",
    "combination": "0"
  },
  {
    "date": "11/23/2020",
    "name": "Mateo Shepstone",
    "location": "Tennessee",
    "order": "4021829849",
    "rack": "Thierer",
    "color": "Red",
    "combination": "4140"
  },
  {
    "date": "7/3/2020",
    "name": "Sanderson Haskur",
    "location": "Texas",
    "order": "2869723954",
    "rack": "Rockefeller",
    "color": "Orange",
    "combination": "32"
  },
  {
    "date": "9/18/2020",
    "name": "Kaylee Perroni",
    "location": "Illinois",
    "order": "0762645113",
    "rack": "Columbus",
    "color": "Orange",
    "combination": "6"
  },
  {
    "date": "8/13/2020",
    "name": "Averil Merwe",
    "location": "Louisiana",
    "order": "0924448229",
    "rack": "Sugar",
    "color": "Puce",
    "combination": "018"
  },
  {
    "date": "11/27/2020",
    "name": "Jaquenetta Deerr",
    "location": "New Jersey",
    "order": "5625661367",
    "rack": "Annamark",
    "color": "Teal",
    "combination": "70534"
  },
  {
    "date": "4/24/2020",
    "name": "Iver Poznan",
    "location": "New York",
    "order": "0075931559",
    "rack": "Farragut",
    "color": "Turquoise",
    "combination": "4"
  },
  {
    "date": "9/29/2020",
    "name": "Nikola Ramsbottom",
    "location": "California",
    "order": "8406759275",
    "rack": "Kings",
    "color": "Crimson",
    "combination": "45"
  },
  {
    "date": "12/9/2020",
    "name": "Nariko Hargey",
    "location": "California",
    "order": "8470784633",
    "rack": "Chive",
    "color": "Crimson",
    "combination": "05218"
  },
  {
    "date": "11/26/2020",
    "name": "Gabi Pauleau",
    "location": "California",
    "order": "6946848500",
    "rack": "Talmadge",
    "color": "Red",
    "combination": "7151"
  },
  {
    "date": "8/2/2020",
    "name": "Debbie Lotterington",
    "location": "North Carolina",
    "order": "7657853263",
    "rack": "Golden Leaf",
    "color": "Turquoise",
    "combination": "65024"
  },
  {
    "date": "1/23/2021",
    "name": "Michelle Brookesbie",
    "location": "Ohio",
    "order": "6944749718",
    "rack": "8th",
    "color": "Aquamarine",
    "combination": "96"
  },
  {
    "date": "8/29/2020",
    "name": "Mercie McGuirk",
    "location": "Minnesota",
    "order": "7305366161",
    "rack": "Carberry",
    "color": "Indigo",
    "combination": "3"
  },
  {
    "date": "4/5/2020",
    "name": "Evaleen Hinemoor",
    "location": "Ohio",
    "order": "7749880216",
    "rack": "Meadow Valley",
    "color": "Violet",
    "combination": "81"
  },
  {
    "date": "1/12/2021",
    "name": "Agatha O'Deegan",
    "location": "Florida",
    "order": "3635942782",
    "rack": "David",
    "color": "Yellow",
    "combination": "192"
  },
  {
    "date": "7/10/2020",
    "name": "Florrie Januszkiewicz",
    "location": "Florida",
    "order": "7773371741",
    "rack": "La Follette",
    "color": "Purple",
    "combination": "79789"
  },
  {
    "date": "9/3/2020",
    "name": "Ariel Lindop",
    "location": "Texas",
    "order": "6615956314",
    "rack": "Kim",
    "color": "Crimson",
    "combination": "364"
  },
  {
    "date": "8/6/2020",
    "name": "Forrester Avramovic",
    "location": "West Virginia",
    "order": "2107952523",
    "rack": "Stephen",
    "color": "Khaki",
    "combination": "327"
  },
  {
    "date": "7/17/2020",
    "name": "Barnard Tatham",
    "location": "Florida",
    "order": "1626479054",
    "rack": "Golf View",
    "color": "Maroon",
    "combination": "8603"
  },
  {
    "date": "7/4/2020",
    "name": "Rorke Huntingdon",
    "location": "Florida",
    "order": "8589976300",
    "rack": "Westport",
    "color": "Crimson",
    "combination": "214"
  },
  {
    "date": "5/22/2020",
    "name": "Kaitlyn Crauford",
    "location": "North Carolina",
    "order": "9796090090",
    "rack": "Buell",
    "color": "Mauv",
    "combination": "2"
  },
  {
    "date": "10/26/2020",
    "name": "Ximenez Buglass",
    "location": "Louisiana",
    "order": "6939844929",
    "rack": "Magdeline",
    "color": "Yellow",
    "combination": "5"
  },
  {
    "date": "10/31/2020",
    "name": "Tabor Zamorano",
    "location": "South Carolina",
    "order": "3488221598",
    "rack": "East",
    "color": "Mauv",
    "combination": "6"
  },
  {
    "date": "1/27/2021",
    "name": "Lorie Daburn",
    "location": "Texas",
    "order": "5671985927",
    "rack": "Vermont",
    "color": "Crimson",
    "combination": "383"
  },
  {
    "date": "7/19/2020",
    "name": "Jule Scrase",
    "location": "Nebraska",
    "order": "7108227010",
    "rack": "Hoepker",
    "color": "Purple",
    "combination": "809"
  },
  {
    "date": "4/10/2020",
    "name": "Roselin Scoterbosh",
    "location": "Ohio",
    "order": "4360044038",
    "rack": "Artisan",
    "color": "Green",
    "combination": "0"
  },
  {
    "date": "5/3/2020",
    "name": "Alika Phlipon",
    "location": "New York",
    "order": "3884051237",
    "rack": "Bashford",
    "color": "Teal",
    "combination": "274"
  },
  {
    "date": "7/23/2020",
    "name": "Arielle Innott",
    "location": "New York",
    "order": "4111344887",
    "rack": "Pepper Wood",
    "color": "Red",
    "combination": "80"
  },
  {
    "date": "4/29/2020",
    "name": "Caty Hulkes",
    "location": "Nebraska",
    "order": "6322323695",
    "rack": "Loeprich",
    "color": "Violet",
    "combination": "858"
  },
  {
    "date": "1/13/2021",
    "name": "Evelina Staziker",
    "location": "West Virginia",
    "order": "6143315361",
    "rack": "Bartelt",
    "color": "Blue",
    "combination": "995"
  },
  {
    "date": "10/25/2020",
    "name": "Laure Hayball",
    "location": "New Jersey",
    "order": "4810017621",
    "rack": "Hermina",
    "color": "Aquamarine",
    "combination": "4"
  },
  {
    "date": "11/30/2020",
    "name": "Samara Redshaw",
    "location": "Connecticut",
    "order": "1939882885",
    "rack": "Russell",
    "color": "Turquoise",
    "combination": "57269"
  },
  {
    "date": "5/1/2020",
    "name": "Benni Stabler",
    "location": "Utah",
    "order": "4689958688",
    "rack": "Burning Wood",
    "color": "Blue",
    "combination": "5"
  },
  {
    "date": "11/30/2020",
    "name": "Marleah Bourges",
    "location": "Ohio",
    "order": "0167543520",
    "rack": "Ludington",
    "color": "Orange",
    "combination": "6692"
  },
  {
    "date": "5/28/2020",
    "name": "Alix Polgreen",
    "location": "Missouri",
    "order": "1289718067",
    "rack": "Lerdahl",
    "color": "Fuscia",
    "combination": "866"
  },
  {
    "date": "9/25/2020",
    "name": "Jaquenette Toffanelli",
    "location": "Arizona",
    "order": "1475726627",
    "rack": "Village",
    "color": "Yellow",
    "combination": "08390"
  },
  {
    "date": "5/10/2020",
    "name": "Pearline Waud",
    "location": "California",
    "order": "7187126794",
    "rack": "Merchant",
    "color": "Crimson",
    "combination": "3642"
  },
  {
    "date": "5/8/2020",
    "name": "Janel Mordecai",
    "location": "Illinois",
    "order": "7242867800",
    "rack": "Banding",
    "color": "Mauv",
    "combination": "2258"
  },
  {
    "date": "5/9/2020",
    "name": "Enrica Camerana",
    "location": "Iowa",
    "order": "9723667932",
    "rack": "Hazelcrest",
    "color": "Khaki",
    "combination": "04"
  },
  {
    "date": "12/1/2020",
    "name": "Shani Delph",
    "location": "Florida",
    "order": "1525688154",
    "rack": "Pond",
    "color": "Green",
    "combination": "85"
  },
  {
    "date": "12/7/2020",
    "name": "Tara Garfath",
    "location": "North Carolina",
    "order": "7306682261",
    "rack": "Forest Dale",
    "color": "Violet",
    "combination": "712"
  },
  {
    "date": "8/6/2020",
    "name": "Nydia Speller",
    "location": "Illinois",
    "order": "3718691116",
    "rack": "Elka",
    "color": "Purple",
    "combination": "41"
  },
  {
    "date": "12/21/2020",
    "name": "Margery Keenlayside",
    "location": "Connecticut",
    "order": "8457310062",
    "rack": "Little Fleur",
    "color": "Crimson",
    "combination": "07782"
  },
  {
    "date": "11/7/2020",
    "name": "Wren Coats",
    "location": "Pennsylvania",
    "order": "8290783566",
    "rack": "Shoshone",
    "color": "Green",
    "combination": "08072"
  },
  {
    "date": "11/14/2020",
    "name": "Mirelle Sudy",
    "location": "Texas",
    "order": "4303573698",
    "rack": "Melody",
    "color": "Red",
    "combination": "542"
  },
  {
    "date": "3/13/2021",
    "name": "Danny Stanford",
    "location": "Kentucky",
    "order": "0598923365",
    "rack": "John Wall",
    "color": "Violet",
    "combination": "37097"
  },
  {
    "date": "3/4/2021",
    "name": "Klarrisa Grishakov",
    "location": "California",
    "order": "8327476882",
    "rack": "Waywood",
    "color": "Purple",
    "combination": "3396"
  },
  {
    "date": "10/5/2020",
    "name": "Rene Ilott",
    "location": "Virginia",
    "order": "6508289659",
    "rack": "Lillian",
    "color": "Blue",
    "combination": "425"
  },
  {
    "date": "8/1/2020",
    "name": "Haleigh Beauman",
    "location": "Minnesota",
    "order": "2773085663",
    "rack": "Anthes",
    "color": "Khaki",
    "combination": "180"
  },
  {
    "date": "2/5/2021",
    "name": "Dedie Schuler",
    "location": "Arizona",
    "order": "1406389242",
    "rack": "Schiller",
    "color": "Mauv",
    "combination": "9"
  },
  {
    "date": "9/10/2020",
    "name": "Becca Handasyde",
    "location": "Florida",
    "order": "4976832791",
    "rack": "Esker",
    "color": "Fuscia",
    "combination": "41"
  },
  {
    "date": "5/11/2020",
    "name": "Colly Oby",
    "location": "Florida",
    "order": "1721661654",
    "rack": "Crest Line",
    "color": "Teal",
    "combination": "56349"
  },
  {
    "date": "1/24/2021",
    "name": "Brigid Heale",
    "location": "Kentucky",
    "order": "2500852326",
    "rack": "Parkside",
    "color": "Green",
    "combination": "6"
  },
  {
    "date": "12/7/2020",
    "name": "Jacob Slewcock",
    "location": "Oklahoma",
    "order": "2208277384",
    "rack": "Lerdahl",
    "color": "Goldenrod",
    "combination": "42"
  },
  {
    "date": "12/9/2020",
    "name": "Nichole Deviney",
    "location": "Connecticut",
    "order": "9942588418",
    "rack": "Carioca",
    "color": "Teal",
    "combination": "2887"
  },
  {
    "date": "2/22/2021",
    "name": "Letty Vannuchi",
    "location": "New York",
    "order": "8743485707",
    "rack": "Graedel",
    "color": "Purple",
    "combination": "28392"
  },
  {
    "date": "11/23/2020",
    "name": "Coretta Prenty",
    "location": "Indiana",
    "order": "0214940454",
    "rack": "3rd",
    "color": "Puce",
    "combination": "9720"
  },
  {
    "date": "11/12/2020",
    "name": "Nester Hackleton",
    "location": "Virginia",
    "order": "3852613272",
    "rack": "Arapahoe",
    "color": "Maroon",
    "combination": "967"
  },
  {
    "date": "5/4/2020",
    "name": "Nerita Sebastian",
    "location": "Texas",
    "order": "7828668821",
    "rack": "Grasskamp",
    "color": "Aquamarine",
    "combination": "35"
  },
  {
    "date": "5/7/2020",
    "name": "Roobbie Arthur",
    "location": "Colorado",
    "order": "2749494230",
    "rack": "Lakewood",
    "color": "Pink",
    "combination": "74"
  },
  {
    "date": "8/29/2020",
    "name": "Aldwin Cristofori",
    "location": "Florida",
    "order": "2096881277",
    "rack": "Johnson",
    "color": "Blue",
    "combination": "0166"
  },
  {
    "date": "4/6/2020",
    "name": "Shirlee Headly",
    "location": "New York",
    "order": "9461552718",
    "rack": "Moland",
    "color": "Fuscia",
    "combination": "9"
  },
  {
    "date": "4/20/2020",
    "name": "Carrol Walewicz",
    "location": "Florida",
    "order": "3123334759",
    "rack": "Spenser",
    "color": "Yellow",
    "combination": "91240"
  },
  {
    "date": "10/11/2020",
    "name": "Stafani Lingley",
    "location": "Texas",
    "order": "2300183161",
    "rack": "Holmberg",
    "color": "Purple",
    "combination": "9682"
  },
  {
    "date": "1/15/2021",
    "name": "Wylie Chrispin",
    "location": "Pennsylvania",
    "order": "2707646342",
    "rack": "Clarendon",
    "color": "Teal",
    "combination": "0"
  },
  {
    "date": "5/16/2020",
    "name": "Thomasina Gillfillan",
    "location": "Illinois",
    "order": "9707824077",
    "rack": "Judy",
    "color": "Orange",
    "combination": "9"
  },
  {
    "date": "5/3/2020",
    "name": "Ted Di Gregorio",
    "location": "Virginia",
    "order": "2234382459",
    "rack": "Melrose",
    "color": "Yellow",
    "combination": "80"
  },
  {
    "date": "5/18/2020",
    "name": "Zorana Championnet",
    "location": "Washington",
    "order": "3823353810",
    "rack": "Claremont",
    "color": "Purple",
    "combination": "0"
  },
  {
    "date": "3/26/2020",
    "name": "Gipsy Drust",
    "location": "Pennsylvania",
    "order": "7867446028",
    "rack": "Kings",
    "color": "Yellow",
    "combination": "73"
  },
  {
    "date": "12/29/2020",
    "name": "Willie Blaker",
    "location": "Mississippi",
    "order": "5558327170",
    "rack": "Debra",
    "color": "Mauv",
    "combination": "2813"
  },
  {
    "date": "3/9/2021",
    "name": "Antonia Hedman",
    "location": "California",
    "order": "2341195350",
    "rack": "Kensington",
    "color": "Aquamarine",
    "combination": "19"
  },
  {
    "date": "11/1/2020",
    "name": "Ame Wilshere",
    "location": "New York",
    "order": "9429086154",
    "rack": "Lien",
    "color": "Green",
    "combination": "82"
  },
  {
    "date": "9/8/2020",
    "name": "Ethelbert Taunton",
    "location": "Missouri",
    "order": "6778311681",
    "rack": "Merry",
    "color": "Turquoise",
    "combination": "2570"
  },
  {
    "date": "4/29/2020",
    "name": "Jean Stachini",
    "location": "Alabama",
    "order": "3809201669",
    "rack": "Gulseth",
    "color": "Khaki",
    "combination": "115"
  },
  {
    "date": "8/28/2020",
    "name": "Connor Peter",
    "location": "Florida",
    "order": "7751046597",
    "rack": "Acker",
    "color": "Maroon",
    "combination": "94301"
  },
  {
    "date": "2/26/2021",
    "name": "Dyanna Carlon",
    "location": "Florida",
    "order": "4767609429",
    "rack": "Cherokee",
    "color": "Goldenrod",
    "combination": "6900"
  },
  {
    "date": "8/14/2020",
    "name": "Babbette Cannan",
    "location": "Texas",
    "order": "1208148931",
    "rack": "John Wall",
    "color": "Blue",
    "combination": "75"
  },
  {
    "date": "8/21/2020",
    "name": "Hastings Betteridge",
    "location": "Florida",
    "order": "4237193586",
    "rack": "Daystar",
    "color": "Puce",
    "combination": "00138"
  },
  {
    "date": "4/16/2020",
    "name": "Bernetta Maddison",
    "location": "Virginia",
    "order": "7525852855",
    "rack": "Packers",
    "color": "Green",
    "combination": "78"
  },
  {
    "date": "6/20/2020",
    "name": "Flossie Stitch",
    "location": "Indiana",
    "order": "6370511935",
    "rack": "Bluestem",
    "color": "Orange",
    "combination": "9"
  },
  {
    "date": "6/11/2020",
    "name": "Raffarty Joubert",
    "location": "North Carolina",
    "order": "7881052236",
    "rack": "Roxbury",
    "color": "Maroon",
    "combination": "8"
  },
  {
    "date": "5/26/2020",
    "name": "Eden Colville",
    "location": "Minnesota",
    "order": "3397117917",
    "rack": "Myrtle",
    "color": "Pink",
    "combination": "034"
  },
  {
    "date": "9/12/2020",
    "name": "Suzann Pierton",
    "location": "Arizona",
    "order": "8061602539",
    "rack": "Dottie",
    "color": "Blue",
    "combination": "7956"
  },
  {
    "date": "10/6/2020",
    "name": "Baudoin Jennaroy",
    "location": "California",
    "order": "1004850239",
    "rack": "Steensland",
    "color": "Khaki",
    "combination": "40086"
  },
  {
    "date": "9/17/2020",
    "name": "Elberta Hamsley",
    "location": "Virginia",
    "order": "2771533693",
    "rack": "Mcbride",
    "color": "Fuscia",
    "combination": "0070"
  },
  {
    "date": "6/4/2020",
    "name": "Lucita Bennoe",
    "location": "Texas",
    "order": "8483236265",
    "rack": "Sage",
    "color": "Red",
    "combination": "3365"
  },
  {
    "date": "11/10/2020",
    "name": "Blake Welford",
    "location": "Idaho",
    "order": "0607422459",
    "rack": "Boyd",
    "color": "Teal",
    "combination": "380"
  },
  {
    "date": "12/13/2020",
    "name": "Rossy McCarroll",
    "location": "Texas",
    "order": "6612628154",
    "rack": "Raven",
    "color": "Blue",
    "combination": "09523"
  },
  {
    "date": "11/26/2020",
    "name": "Dwain Phettis",
    "location": "Texas",
    "order": "8479762748",
    "rack": "Reinke",
    "color": "Blue",
    "combination": "3842"
  },
  {
    "date": "6/15/2020",
    "name": "Hillel MacUchadair",
    "location": "Mississippi",
    "order": "6232137744",
    "rack": "Forest Run",
    "color": "Turquoise",
    "combination": "2697"
  },
  {
    "date": "6/23/2020",
    "name": "Maurizia Spino",
    "location": "District of Columbia",
    "order": "2146281863",
    "rack": "Raven",
    "color": "Yellow",
    "combination": "6"
  },
  {
    "date": "4/2/2020",
    "name": "Nanni Gravenell",
    "location": "New York",
    "order": "1095552805",
    "rack": "Trailsway",
    "color": "Purple",
    "combination": "461"
  },
  {
    "date": "10/10/2020",
    "name": "Jacynth Scoterbosh",
    "location": "Utah",
    "order": "1773838598",
    "rack": "Sherman",
    "color": "Mauv",
    "combination": "653"
  },
  {
    "date": "1/4/2021",
    "name": "Fairlie Bremeyer",
    "location": "Florida",
    "order": "8742090121",
    "rack": "Sheridan",
    "color": "Goldenrod",
    "combination": "29"
  },
  {
    "date": "10/6/2020",
    "name": "Donelle Ivashinnikov",
    "location": "New Jersey",
    "order": "5909263358",
    "rack": "Swallow",
    "color": "Puce",
    "combination": "701"
  },
  {
    "date": "9/1/2020",
    "name": "Neron Haughan",
    "location": "South Carolina",
    "order": "7729690640",
    "rack": "Columbus",
    "color": "Green",
    "combination": "21768"
  },
  {
    "date": "3/14/2021",
    "name": "Ofelia Pollard",
    "location": "North Carolina",
    "order": "4580688937",
    "rack": "Hoffman",
    "color": "Goldenrod",
    "combination": "8544"
  },
  {
    "date": "1/2/2021",
    "name": "Patin Dormer",
    "location": "Kansas",
    "order": "4306585093",
    "rack": "New Castle",
    "color": "Green",
    "combination": "5348"
  },
  {
    "date": "6/21/2020",
    "name": "Merell Langton",
    "location": "California",
    "order": "5827984612",
    "rack": "Schiller",
    "color": "Blue",
    "combination": "071"
  },
  {
    "date": "2/15/2021",
    "name": "Jobyna Keyser",
    "location": "Alabama",
    "order": "0295841745",
    "rack": "Hazelcrest",
    "color": "Violet",
    "combination": "1341"
  },
  {
    "date": "2/25/2021",
    "name": "Myrtle Jugging",
    "location": "California",
    "order": "1237901405",
    "rack": "Hallows",
    "color": "Fuscia",
    "combination": "5"
  },
  {
    "date": "9/30/2020",
    "name": "Gery Bwye",
    "location": "New Hampshire",
    "order": "4317578778",
    "rack": "Mendota",
    "color": "Mauv",
    "combination": "94488"
  },
  {
    "date": "9/5/2020",
    "name": "Aryn Dumini",
    "location": "Ohio",
    "order": "8472710319",
    "rack": "Wayridge",
    "color": "Orange",
    "combination": "134"
  },
  {
    "date": "7/18/2020",
    "name": "Ede Mayling",
    "location": "California",
    "order": "1045553794",
    "rack": "Leroy",
    "color": "Fuscia",
    "combination": "568"
  },
  {
    "date": "7/30/2020",
    "name": "Gunter Cordelette",
    "location": "Virginia",
    "order": "0176237879",
    "rack": "Cardinal",
    "color": "Yellow",
    "combination": "07564"
  },
  {
    "date": "4/12/2020",
    "name": "Erminie Stathers",
    "location": "Maryland",
    "order": "9650863370",
    "rack": "Prairie Rose",
    "color": "Puce",
    "combination": "60070"
  },
  {
    "date": "3/16/2021",
    "name": "Michaelina Bullers",
    "location": "Tennessee",
    "order": "1170319386",
    "rack": "Buell",
    "color": "Teal",
    "combination": "593"
  },
  {
    "date": "7/20/2020",
    "name": "Kristan Purvess",
    "location": "North Carolina",
    "order": "8375079235",
    "rack": "Prairie Rose",
    "color": "Khaki",
    "combination": "76803"
  },
  {
    "date": "4/24/2020",
    "name": "Borden Mahaddie",
    "location": "Ohio",
    "order": "1762336561",
    "rack": "Carpenter",
    "color": "Maroon",
    "combination": "89"
  },
  {
    "date": "8/22/2020",
    "name": "Sallyanne Boaler",
    "location": "North Carolina",
    "order": "4234633054",
    "rack": "Old Gate",
    "color": "Pink",
    "combination": "9"
  },
  {
    "date": "7/11/2020",
    "name": "Verene Mennear",
    "location": "New York",
    "order": "4193875997",
    "rack": "Cambridge",
    "color": "Green",
    "combination": "00"
  },
  {
    "date": "2/27/2021",
    "name": "Dorian O' Dooley",
    "location": "Missouri",
    "order": "3515276041",
    "rack": "Transport",
    "color": "Khaki",
    "combination": "1048"
  },
  {
    "date": "1/19/2021",
    "name": "Nadia Lindman",
    "location": "Louisiana",
    "order": "4026447286",
    "rack": "Dexter",
    "color": "Red",
    "combination": "28310"
  },
  {
    "date": "7/29/2020",
    "name": "Gaynor Gullis",
    "location": "Georgia",
    "order": "2730198946",
    "rack": "Buell",
    "color": "Green",
    "combination": "0700"
  },
  {
    "date": "12/18/2020",
    "name": "Jayme Illyes",
    "location": "California",
    "order": "8623700775",
    "rack": "Macpherson",
    "color": "Blue",
    "combination": "717"
  },
  {
    "date": "10/9/2020",
    "name": "Ailey Bassom",
    "location": "New York",
    "order": "4110011132",
    "rack": "Evergreen",
    "color": "Maroon",
    "combination": "52"
  },
  {
    "date": "3/21/2021",
    "name": "Ikey Hansom",
    "location": "Arizona",
    "order": "9808303528",
    "rack": "Hanson",
    "color": "Indigo",
    "combination": "1091"
  },
  {
    "date": "6/6/2020",
    "name": "Caryl Hartshorne",
    "location": "California",
    "order": "2356737286",
    "rack": "Forest Dale",
    "color": "Orange",
    "combination": "84"
  },
  {
    "date": "7/8/2020",
    "name": "Arden Birtley",
    "location": "Georgia",
    "order": "8935687286",
    "rack": "Marquette",
    "color": "Purple",
    "combination": "9090"
  },
  {
    "date": "2/28/2021",
    "name": "Clarisse Aingel",
    "location": "New York",
    "order": "8768153945",
    "rack": "Eagan",
    "color": "Aquamarine",
    "combination": "3"
  },
  {
    "date": "8/3/2020",
    "name": "Archibaldo Murrhardt",
    "location": "Iowa",
    "order": "3213494283",
    "rack": "Sutteridge",
    "color": "Red",
    "combination": "87540"
  },
  {
    "date": "3/6/2021",
    "name": "Orion MacGille",
    "location": "Washington",
    "order": "1788478797",
    "rack": "Anhalt",
    "color": "Purple",
    "combination": "1676"
  },
  {
    "date": "2/3/2021",
    "name": "Gerladina Blucher",
    "location": "Florida",
    "order": "2966857730",
    "rack": "Esch",
    "color": "Red",
    "combination": "5"
  },
  {
    "date": "5/12/2020",
    "name": "Antony Silverthorn",
    "location": "Texas",
    "order": "4289257631",
    "rack": "Anniversary",
    "color": "Yellow",
    "combination": "74"
  },
  {
    "date": "4/3/2020",
    "name": "Aldin Potter",
    "location": "Wisconsin",
    "order": "9601379789",
    "rack": "Pine View",
    "color": "Indigo",
    "combination": "1603"
  },
  {
    "date": "10/6/2020",
    "name": "Jackquelin Tomasino",
    "location": "Hawaii",
    "order": "8935075272",
    "rack": "Lindbergh",
    "color": "Crimson",
    "combination": "9024"
  },
  {
    "date": "3/17/2021",
    "name": "Claretta Patkin",
    "location": "Michigan",
    "order": "9937095565",
    "rack": "Hazelcrest",
    "color": "Goldenrod",
    "combination": "73"
  },
  {
    "date": "1/23/2021",
    "name": "Cassandry Kalinke",
    "location": "New York",
    "order": "0390485705",
    "rack": "Armistice",
    "color": "Fuscia",
    "combination": "998"
  },
  {
    "date": "11/26/2020",
    "name": "Brant Brine",
    "location": "New York",
    "order": "4636507541",
    "rack": "Springs",
    "color": "Teal",
    "combination": "38488"
  },
  {
    "date": "12/9/2020",
    "name": "Christabel MacCrosson",
    "location": "District of Columbia",
    "order": "3597583024",
    "rack": "Nobel",
    "color": "Maroon",
    "combination": "40"
  },
  {
    "date": "4/15/2020",
    "name": "Alidia Rembrandt",
    "location": "Georgia",
    "order": "3286330140",
    "rack": "Mandrake",
    "color": "Orange",
    "combination": "941"
  },
  {
    "date": "10/30/2020",
    "name": "Marten Syncke",
    "location": "California",
    "order": "4738786377",
    "rack": "Kenwood",
    "color": "Fuscia",
    "combination": "427"
  },
  {
    "date": "7/9/2020",
    "name": "Kurtis O'Fihillie",
    "location": "District of Columbia",
    "order": "8219227664",
    "rack": "Coleman",
    "color": "Fuscia",
    "combination": "2"
  },
  {
    "date": "8/18/2020",
    "name": "Samaria Werendell",
    "location": "Tennessee",
    "order": "4968326939",
    "rack": "Bowman",
    "color": "Mauv",
    "combination": "389"
  },
  {
    "date": "11/19/2020",
    "name": "Osbourn Eyers",
    "location": "Missouri",
    "order": "4540828614",
    "rack": "Emmet",
    "color": "Indigo",
    "combination": "57649"
  },
  {
    "date": "5/4/2020",
    "name": "Barney Wadham",
    "location": "Missouri",
    "order": "6608173199",
    "rack": "Nova",
    "color": "Indigo",
    "combination": "5"
  },
  {
    "date": "6/21/2020",
    "name": "Sylas Truwert",
    "location": "Indiana",
    "order": "0495468576",
    "rack": "Crescent Oaks",
    "color": "Purple",
    "combination": "5"
  },
  {
    "date": "8/16/2020",
    "name": "Anette Dymoke",
    "location": "Florida",
    "order": "8093110380",
    "rack": "Hermina",
    "color": "Khaki",
    "combination": "0462"
  },
  {
    "date": "2/23/2021",
    "name": "Danice Piele",
    "location": "Kentucky",
    "order": "6697462159",
    "rack": "Nancy",
    "color": "Yellow",
    "combination": "45797"
  },
  {
    "date": "3/10/2021",
    "name": "Terri Patron",
    "location": "Georgia",
    "order": "7039166178",
    "rack": "Kim",
    "color": "Turquoise",
    "combination": "0442"
  },
  {
    "date": "10/20/2020",
    "name": "Iorgo Cranham",
    "location": "New York",
    "order": "3977728393",
    "rack": "Victoria",
    "color": "Green",
    "combination": "1044"
  },
  {
    "date": "9/15/2020",
    "name": "Bradney McManamen",
    "location": "Idaho",
    "order": "7483641304",
    "rack": "Rutledge",
    "color": "Aquamarine",
    "combination": "108"
  },
  {
    "date": "9/28/2020",
    "name": "Karole McComiskey",
    "location": "South Carolina",
    "order": "3747934471",
    "rack": "Lien",
    "color": "Violet",
    "combination": "235"
  },
  {
    "date": "10/18/2020",
    "name": "Marlon Ielden",
    "location": "Indiana",
    "order": "1150280069",
    "rack": "8th",
    "color": "Orange",
    "combination": "67669"
  },
  {
    "date": "12/21/2020",
    "name": "Fidelia Storrock",
    "location": "Virginia",
    "order": "2627563602",
    "rack": "Daystar",
    "color": "Indigo",
    "combination": "2"
  },
  {
    "date": "1/9/2021",
    "name": "Filippo Teresa",
    "location": "North Carolina",
    "order": "4023226017",
    "rack": "Cardinal",
    "color": "Turquoise",
    "combination": "8521"
  },
  {
    "date": "11/26/2020",
    "name": "Kirstin Mossdale",
    "location": "Iowa",
    "order": "9165710649",
    "rack": "Lukken",
    "color": "Purple",
    "combination": "24"
  },
  {
    "date": "3/5/2021",
    "name": "Ed Dael",
    "location": "Iowa",
    "order": "1459556011",
    "rack": "Barby",
    "color": "Red",
    "combination": "2"
  },
  {
    "date": "8/4/2020",
    "name": "Winna Sedgemore",
    "location": "Georgia",
    "order": "7519219747",
    "rack": "School",
    "color": "Maroon",
    "combination": "3670"
  },
  {
    "date": "10/26/2020",
    "name": "Kennedy Burr",
    "location": "New York",
    "order": "6745610361",
    "rack": "Village Green",
    "color": "Mauv",
    "combination": "79266"
  },
  {
    "date": "6/17/2020",
    "name": "Kaitlin O'Meara",
    "location": "Florida",
    "order": "5586857960",
    "rack": "Anhalt",
    "color": "Maroon",
    "combination": "2379"
  },
  {
    "date": "10/6/2020",
    "name": "Sherye Amar",
    "location": "Texas",
    "order": "5036929837",
    "rack": "Old Shore",
    "color": "Aquamarine",
    "combination": "947"
  },
  {
    "date": "5/15/2020",
    "name": "Jessi De Hooch",
    "location": "Texas",
    "order": "6178237774",
    "rack": "Hintze",
    "color": "Yellow",
    "combination": "07771"
  },
  {
    "date": "6/6/2020",
    "name": "Afton Quadri",
    "location": "California",
    "order": "8054059736",
    "rack": "Buena Vista",
    "color": "Yellow",
    "combination": "69"
  },
  {
    "date": "8/18/2020",
    "name": "Pierce Verbrugghen",
    "location": "Louisiana",
    "order": "2349789527",
    "rack": "Onsgard",
    "color": "Goldenrod",
    "combination": "8"
  },
  {
    "date": "4/24/2020",
    "name": "Kristi Teers",
    "location": "District of Columbia",
    "order": "6167815321",
    "rack": "Express",
    "color": "Blue",
    "combination": "424"
  },
  {
    "date": "11/8/2020",
    "name": "Alissa Bruin",
    "location": "Arizona",
    "order": "5576078535",
    "rack": "2nd",
    "color": "Purple",
    "combination": "47"
  },
  {
    "date": "5/10/2020",
    "name": "Frederik Winfindine",
    "location": "Wisconsin",
    "order": "6063659617",
    "rack": "Boyd",
    "color": "Orange",
    "combination": "94731"
  },
  {
    "date": "6/26/2020",
    "name": "Marris Swaden",
    "location": "Ohio",
    "order": "3802436822",
    "rack": "Dayton",
    "color": "Indigo",
    "combination": "54349"
  },
  {
    "date": "4/23/2020",
    "name": "Helena Spry",
    "location": "Pennsylvania",
    "order": "9071257894",
    "rack": "Luster",
    "color": "Aquamarine",
    "combination": "607"
  },
  {
    "date": "7/30/2020",
    "name": "Dan Grassett",
    "location": "Oklahoma",
    "order": "8507244254",
    "rack": "Roth",
    "color": "Maroon",
    "combination": "02"
  },
  {
    "date": "5/28/2020",
    "name": "Eal Rowaszkiewicz",
    "location": "Texas",
    "order": "3606448686",
    "rack": "Reindahl",
    "color": "Fuscia",
    "combination": "2"
  },
  {
    "date": "12/25/2020",
    "name": "Dex Larcier",
    "location": "Oklahoma",
    "order": "2753166730",
    "rack": "Commercial",
    "color": "Fuscia",
    "combination": "36929"
  },
  {
    "date": "7/13/2020",
    "name": "Peirce McGeaney",
    "location": "Colorado",
    "order": "5846173683",
    "rack": "Sherman",
    "color": "Red",
    "combination": "30"
  },
  {
    "date": "1/5/2021",
    "name": "Shirley Gerauld",
    "location": "District of Columbia",
    "order": "9230138665",
    "rack": "Lakeland",
    "color": "Mauv",
    "combination": "40"
  },
  {
    "date": "11/23/2020",
    "name": "Florri Lindl",
    "location": "New York",
    "order": "4803335095",
    "rack": "Parkside",
    "color": "Khaki",
    "combination": "867"
  },
  {
    "date": "6/29/2020",
    "name": "Hamish Scaddon",
    "location": "Florida",
    "order": "4393764293",
    "rack": "Autumn Leaf",
    "color": "Violet",
    "combination": "5"
  },
  {
    "date": "2/26/2021",
    "name": "Pinchas Sperring",
    "location": "Indiana",
    "order": "7738974591",
    "rack": "Rieder",
    "color": "Maroon",
    "combination": "601"
  },
  {
    "date": "9/11/2020",
    "name": "Yetta Edson",
    "location": "Louisiana",
    "order": "1397592443",
    "rack": "Buena Vista",
    "color": "Turquoise",
    "combination": "3"
  },
  {
    "date": "11/26/2020",
    "name": "Killian Yanin",
    "location": "Ohio",
    "order": "3990067559",
    "rack": "Arrowood",
    "color": "Fuscia",
    "combination": "7"
  },
  {
    "date": "9/29/2020",
    "name": "Dacia Plackstone",
    "location": "Minnesota",
    "order": "1499718209",
    "rack": "Dawn",
    "color": "Mauv",
    "combination": "462"
  },
  {
    "date": "7/20/2020",
    "name": "Aubine Garrold",
    "location": "District of Columbia",
    "order": "6150615464",
    "rack": "Butternut",
    "color": "Teal",
    "combination": "2"
  },
  {
    "date": "3/30/2020",
    "name": "Maxi Reignould",
    "location": "Florida",
    "order": "5001544971",
    "rack": "Canary",
    "color": "Mauv",
    "combination": "429"
  },
  {
    "date": "1/3/2021",
    "name": "Stewart Sweynson",
    "location": "Indiana",
    "order": "7339822542",
    "rack": "Porter",
    "color": "Puce",
    "combination": "77541"
  },
  {
    "date": "9/7/2020",
    "name": "Darcy Foker",
    "location": "Hawaii",
    "order": "0308978560",
    "rack": "Barby",
    "color": "Pink",
    "combination": "92"
  },
  {
    "date": "3/3/2021",
    "name": "Virge Haseman",
    "location": "Florida",
    "order": "4926001918",
    "rack": "Esch",
    "color": "Orange",
    "combination": "42576"
  },
  {
    "date": "10/1/2020",
    "name": "Janka Splevin",
    "location": "Virginia",
    "order": "2952302618",
    "rack": "Longview",
    "color": "Red",
    "combination": "48"
  },
  {
    "date": "5/23/2020",
    "name": "Homer Hadenton",
    "location": "Utah",
    "order": "3259727027",
    "rack": "Dunning",
    "color": "Crimson",
    "combination": "3520"
  },
  {
    "date": "2/16/2021",
    "name": "Ginnifer Dukes",
    "location": "California",
    "order": "1200042832",
    "rack": "Susan",
    "color": "Green",
    "combination": "3"
  },
  {
    "date": "10/5/2020",
    "name": "Christie Van't Hoff",
    "location": "District of Columbia",
    "order": "9399493237",
    "rack": "Corry",
    "color": "Red",
    "combination": "4"
  },
  {
    "date": "11/25/2020",
    "name": "Neely Kiddie",
    "location": "North Carolina",
    "order": "9320927049",
    "rack": "Sheridan",
    "color": "Turquoise",
    "combination": "8060"
  },
  {
    "date": "7/20/2020",
    "name": "Madeline Feakins",
    "location": "California",
    "order": "1062570944",
    "rack": "Towne",
    "color": "Mauv",
    "combination": "06"
  },
  {
    "date": "3/26/2020",
    "name": "Clotilda Birdsall",
    "location": "Texas",
    "order": "7667063036",
    "rack": "Village Green",
    "color": "Blue",
    "combination": "95330"
  },
  {
    "date": "5/13/2020",
    "name": "Hugues Garside",
    "location": "Idaho",
    "order": "2275549447",
    "rack": "Jenna",
    "color": "Blue",
    "combination": "5958"
  },
  {
    "date": "5/30/2020",
    "name": "Karney Millthorpe",
    "location": "District of Columbia",
    "order": "2554929572",
    "rack": "Birchwood",
    "color": "Purple",
    "combination": "94368"
  },
  {
    "date": "9/15/2020",
    "name": "Tammie Pelz",
    "location": "District of Columbia",
    "order": "9502941284",
    "rack": "Blaine",
    "color": "Maroon",
    "combination": "35070"
  },
  {
    "date": "11/11/2020",
    "name": "Doreen Courtney",
    "location": "California",
    "order": "5949794036",
    "rack": "Loftsgordon",
    "color": "Purple",
    "combination": "06"
  },
  {
    "date": "6/15/2020",
    "name": "Mersey Matyushenko",
    "location": "Arizona",
    "order": "7329612332",
    "rack": "Eastwood",
    "color": "Maroon",
    "combination": "7"
  },
  {
    "date": "6/17/2020",
    "name": "Philippine Whistance",
    "location": "Louisiana",
    "order": "3422869697",
    "rack": "Sachs",
    "color": "Goldenrod",
    "combination": "34"
  },
  {
    "date": "1/1/2021",
    "name": "Desmond Moroney",
    "location": "Mississippi",
    "order": "7832550848",
    "rack": "Daystar",
    "color": "Indigo",
    "combination": "954"
  },
  {
    "date": "7/14/2020",
    "name": "Kassie Lowery",
    "location": "Hawaii",
    "order": "7772580207",
    "rack": "Northridge",
    "color": "Indigo",
    "combination": "387"
  },
  {
    "date": "7/4/2020",
    "name": "Cora Dearnley",
    "location": "California",
    "order": "3001106972",
    "rack": "5th",
    "color": "Mauv",
    "combination": "2"
  },
  {
    "date": "7/31/2020",
    "name": "Kenn Valero",
    "location": "Iowa",
    "order": "5395687939",
    "rack": "East",
    "color": "Yellow",
    "combination": "24874"
  },
  {
    "date": "12/8/2020",
    "name": "Staffard Charlewood",
    "location": "California",
    "order": "9354555519",
    "rack": "Butternut",
    "color": "Green",
    "combination": "9"
  },
  {
    "date": "8/29/2020",
    "name": "Siusan Sifleet",
    "location": "Texas",
    "order": "1831984598",
    "rack": "Oxford",
    "color": "Goldenrod",
    "combination": "4501"
  },
  {
    "date": "10/25/2020",
    "name": "Tessa Lere",
    "location": "Missouri",
    "order": "7977846500",
    "rack": "Superior",
    "color": "Teal",
    "combination": "3"
  },
  {
    "date": "5/6/2020",
    "name": "Arlen Emery",
    "location": "North Carolina",
    "order": "1117827526",
    "rack": "Huxley",
    "color": "Crimson",
    "combination": "314"
  },
  {
    "date": "4/25/2020",
    "name": "Carlynne Larter",
    "location": "Ohio",
    "order": "5321194319",
    "rack": "Armistice",
    "color": "Indigo",
    "combination": "5816"
  },
  {
    "date": "7/3/2020",
    "name": "Giavani Wanjek",
    "location": "Indiana",
    "order": "6395574930",
    "rack": "Michigan",
    "color": "Green",
    "combination": "0"
  },
  {
    "date": "11/14/2020",
    "name": "Nicolle Greensitt",
    "location": "Illinois",
    "order": "2174396009",
    "rack": "Dayton",
    "color": "Indigo",
    "combination": "45025"
  },
  {
    "date": "10/27/2020",
    "name": "Hirsch Occleshaw",
    "location": "Illinois",
    "order": "4694235265",
    "rack": "Sutherland",
    "color": "Teal",
    "combination": "69040"
  },
  {
    "date": "6/22/2020",
    "name": "Vi Sharrock",
    "location": "Indiana",
    "order": "4959618833",
    "rack": "Darwin",
    "color": "Goldenrod",
    "combination": "111"
  },
  {
    "date": "12/9/2020",
    "name": "Cary Beagles",
    "location": "California",
    "order": "1954783051",
    "rack": "Portage",
    "color": "Khaki",
    "combination": "159"
  },
  {
    "date": "10/13/2020",
    "name": "Dana Dooland",
    "location": "Michigan",
    "order": "4814073666",
    "rack": "Acker",
    "color": "Indigo",
    "combination": "55"
  },
  {
    "date": "11/24/2020",
    "name": "Miller Chamberlain",
    "location": "Michigan",
    "order": "2094954633",
    "rack": "Golf Course",
    "color": "Blue",
    "combination": "24695"
  },
  {
    "date": "5/22/2020",
    "name": "Claribel Stillman",
    "location": "Arkansas",
    "order": "0757911773",
    "rack": "Thackeray",
    "color": "Teal",
    "combination": "5"
  },
  {
    "date": "4/17/2020",
    "name": "Annalise Lille",
    "location": "Texas",
    "order": "2728514399",
    "rack": "Derek",
    "color": "Blue",
    "combination": "17"
  },
  {
    "date": "3/23/2021",
    "name": "Magnum O'Loinn",
    "location": "District of Columbia",
    "order": "8100299935",
    "rack": "Del Mar",
    "color": "Pink",
    "combination": "111"
  },
  {
    "date": "7/30/2020",
    "name": "Mead Thexton",
    "location": "Arizona",
    "order": "4096486981",
    "rack": "Killdeer",
    "color": "Orange",
    "combination": "962"
  },
  {
    "date": "5/19/2020",
    "name": "Stanford MacCheyne",
    "location": "Tennessee",
    "order": "6084852793",
    "rack": "Upham",
    "color": "Khaki",
    "combination": "56837"
  },
  {
    "date": "12/27/2020",
    "name": "Irv Charkham",
    "location": "Texas",
    "order": "0406221871",
    "rack": "Utah",
    "color": "Teal",
    "combination": "1"
  },
  {
    "date": "12/27/2020",
    "name": "Adelheid Cosham",
    "location": "Oregon",
    "order": "8243941096",
    "rack": "Hanson",
    "color": "Green",
    "combination": "3638"
  },
  {
    "date": "9/16/2020",
    "name": "Nancie Scholig",
    "location": "Virginia",
    "order": "2544423684",
    "rack": "Straubel",
    "color": "Mauv",
    "combination": "82832"
  },
  {
    "date": "1/12/2021",
    "name": "Drucie Gilbert",
    "location": "Minnesota",
    "order": "2732210730",
    "rack": "Namekagon",
    "color": "Green",
    "combination": "2364"
  },
  {
    "date": "4/30/2020",
    "name": "Friedrich Hugonneau",
    "location": "California",
    "order": "3130584390",
    "rack": "Butterfield",
    "color": "Violet",
    "combination": "19"
  },
  {
    "date": "12/10/2020",
    "name": "Adams Hentzeler",
    "location": "Florida",
    "order": "3459093501",
    "rack": "Declaration",
    "color": "Indigo",
    "combination": "7"
  },
  {
    "date": "11/19/2020",
    "name": "Antonius Teodori",
    "location": "District of Columbia",
    "order": "8107372832",
    "rack": "School",
    "color": "Khaki",
    "combination": "0983"
  },
  {
    "date": "4/1/2020",
    "name": "Kaine McGlynn",
    "location": "New York",
    "order": "9142376874",
    "rack": "Farwell",
    "color": "Fuscia",
    "combination": "5"
  },
  {
    "date": "9/22/2020",
    "name": "Madelle Derham",
    "location": "California",
    "order": "7417914454",
    "rack": "Killdeer",
    "color": "Yellow",
    "combination": "88"
  },
  {
    "date": "1/26/2021",
    "name": "Enoch Tressler",
    "location": "California",
    "order": "5536528521",
    "rack": "Lindbergh",
    "color": "Green",
    "combination": "59471"
  },
  {
    "date": "9/16/2020",
    "name": "Gerhardine Matchett",
    "location": "Colorado",
    "order": "4890472355",
    "rack": "Schlimgen",
    "color": "Purple",
    "combination": "23691"
  },
  {
    "date": "11/16/2020",
    "name": "Idelle Tilburn",
    "location": "Florida",
    "order": "3876822890",
    "rack": "Aberg",
    "color": "Orange",
    "combination": "07"
  },
  {
    "date": "7/6/2020",
    "name": "Shelbi Rodders",
    "location": "New Jersey",
    "order": "0410034940",
    "rack": "Lighthouse Bay",
    "color": "Crimson",
    "combination": "7665"
  },
  {
    "date": "4/26/2020",
    "name": "Brandon Rounsefell",
    "location": "Texas",
    "order": "6365524994",
    "rack": "Hovde",
    "color": "Blue",
    "combination": "799"
  },
  {
    "date": "10/16/2020",
    "name": "Garwin Dumingos",
    "location": "New York",
    "order": "7866910162",
    "rack": "Comanche",
    "color": "Maroon",
    "combination": "4"
  },
  {
    "date": "2/16/2021",
    "name": "Serene Mattecot",
    "location": "Florida",
    "order": "7678862318",
    "rack": "Rieder",
    "color": "Mauv",
    "combination": "32"
  },
  {
    "date": "4/24/2020",
    "name": "Annissa Duffy",
    "location": "Pennsylvania",
    "order": "4488689000",
    "rack": "American Ash",
    "color": "Turquoise",
    "combination": "12"
  }
]
