[
  { "order": "9829540618", "name": "Bard Cund", "location": "Florida" },
  {
    "order": "3140621787",
    "name": "Kristyn Heaviside",
    "location": "Louisiana"
  },
  { "order": "1374695599", "name": "Nicko Cellier", "location": "Georgia" },
  {
    "order": "1611885965",
    "name": "Bartolemo Spittall",
    "location": "California"
  },
  {
    "order": "6729058048",
    "name": "Robby Van der Hoven",
    "location": "Oklahoma"
  },
  { "order": "6513901146", "name": "Terri Zahor", "location": "Virginia" },
  { "order": "3057583865", "name": "Erinna Gosnay", "location": "Texas" },
  { "order": "6850312391", "name": "Eve Bockett", "location": "Pennsylvania" },
  { "order": "3883690589", "name": "Tanny McWard", "location": "Indiana" },
  { "order": "7034545472", "name": "Twila Cayton", "location": "Indiana" },
  { "order": "5815317705", "name": "Joell Silverman", "location": "Texas" },
  { "order": "9614965800", "name": "Sheri Himpson", "location": "Texas" },
  { "order": "8715085538", "name": "Maren Doggrell", "location": "New Jersey" },
  {
    "order": "2317328923",
    "name": "Elbertine Crofts",
    "location": "Pennsylvania"
  },
  { "order": "8702190362", "name": "Scarlett Elgey", "location": "California" },
  {
    "order": "8242639078",
    "name": "Randi Kitchenside",
    "location": "New York"
  },
  {
    "order": "0540629456",
    "name": "Madalena Lucken",
    "location": "Mississippi"
  },
  { "order": "2305562756", "name": "Rob Blackhall", "location": "California" },
  {
    "order": "0242791182",
    "name": "Welsh Exelby",
    "location": "South Carolina"
  },
  {
    "order": "4150733643",
    "name": "Emmeline Ganniclifft",
    "location": "District of Columbia"
  },
  { "order": "6695404127", "name": "Ingaberg Odcroft", "location": "New York" },
  { "order": "8701288423", "name": "Sutton Dunbabin", "location": "Missouri" },
  {
    "order": "5829014971",
    "name": "Anastasie Naughton",
    "location": "Minnesota"
  },
  { "order": "0669017108", "name": "Hyman Gibbins", "location": "Florida" },
  { "order": "0982795963", "name": "Sergio Congreave", "location": "Florida" },
  {
    "order": "1418798797",
    "name": "Ange Coultar",
    "location": "Massachusetts"
  },
  {
    "order": "7178016515",
    "name": "Ferrell Blinckhorne",
    "location": "Nevada"
  },
  { "order": "7296442379", "name": "Barry Sheahan", "location": "Ohio" },
  { "order": "7390311746", "name": "Gustavo Wheadon", "location": "Georgia" },
  { "order": "9155271383", "name": "Ginny Eltringham", "location": "New York" },
  {
    "order": "6884393866",
    "name": "Barbra McLugaish",
    "location": "North Carolina"
  },
  { "order": "8668616668", "name": "Monah Durrans", "location": "Indiana" },
  {
    "order": "3275077651",
    "name": "Jennette Moakes",
    "location": "New Mexico"
  },
  { "order": "1482900785", "name": "Burr Daggett", "location": "New York" },
  {
    "order": "9774315898",
    "name": "Maisie Hamprecht",
    "location": "Tennessee"
  },
  {
    "order": "8964061225",
    "name": "Thomasine Bielfelt",
    "location": "Kentucky"
  },
  { "order": "0472672606", "name": "Myrta Cottier", "location": "California" },
  { "order": "6115549442", "name": "Inesita Vassall", "location": "Texas" },
  {
    "order": "1341895149",
    "name": "Gillan Skarr",
    "location": "North Carolina"
  },
  { "order": "5700150794", "name": "Fina Dyerson", "location": "Kentucky" },
  {
    "order": "4518237684",
    "name": "Iolanthe Cupitt",
    "location": "Pennsylvania"
  },
  { "order": "0669444073", "name": "Janeva Hailes", "location": "Texas" },
  { "order": "7946327803", "name": "Bondy Sidaway", "location": "New Mexico" },
  { "order": "9932390925", "name": "Rachelle Piel", "location": "California" },
  { "order": "8989957869", "name": "Bethany Hinchon", "location": "Virginia" },
  { "order": "0592892492", "name": "Alexandr Kilbey", "location": "Georgia" },
  {
    "order": "3164311737",
    "name": "Philipa Binding",
    "location": "California"
  },
  { "order": "8985339591", "name": "Kikelia Muccino", "location": "Iowa" },
  {
    "order": "5588099923",
    "name": "Vania Applewhaite",
    "location": "Oklahoma"
  },
  { "order": "2224786050", "name": "Adler Hatch", "location": "Alabama" },
  {
    "order": "0098652168",
    "name": "Darrel Farfolomeev",
    "location": "North Carolina"
  },
  { "order": "7484271527", "name": "Adrian Sabater", "location": "Texas" },
  {
    "order": "4774035505",
    "name": "Riva Greenhouse",
    "location": "Mississippi"
  },
  { "order": "8507110037", "name": "Jackie Leask", "location": "Kentucky" },
  { "order": "2684517177", "name": "Brandy Bruineman", "location": "Nevada" },
  { "order": "7120961179", "name": "Britney McCoughan", "location": "Florida" },
  { "order": "2248786735", "name": "Eustace Lamminam", "location": "Indiana" },
  { "order": "6101173623", "name": "Jermaine Melsom", "location": "New York" },
  {
    "order": "0678813043",
    "name": "Minerva Streather",
    "location": "North Carolina"
  },
  { "order": "3213449792", "name": "Donni Labroue", "location": "California" },
  {
    "order": "1722225688",
    "name": "Adriane Lilburn",
    "location": "New Jersey"
  },
  { "order": "7736595933", "name": "Britt Hallstone", "location": "Florida" },
  { "order": "7991225410", "name": "Melodee Sighart", "location": "Missouri" },
  {
    "order": "6918034413",
    "name": "Barnebas Goodings",
    "location": "Oklahoma"
  },
  { "order": "0580980529", "name": "Miquela Paulat", "location": "Michigan" },
  {
    "order": "0296301000",
    "name": "Blane Givens",
    "location": "Massachusetts"
  },
  {
    "order": "0390328294",
    "name": "Ellswerth De Freyne",
    "location": "Virginia"
  },
  { "order": "0225609282", "name": "Otis Roscam", "location": "California" },
  { "order": "3022670710", "name": "Helyn Mullin", "location": "Virginia" },
  { "order": "6890691873", "name": "Curcio Cavill", "location": "Arizona" },
  { "order": "8540617706", "name": "Brose Kalkofer", "location": "Iowa" },
  { "order": "4529671534", "name": "Talbert Aulton", "location": "Washington" },
  { "order": "4176225130", "name": "Bert Slevin", "location": "Pennsylvania" },
  { "order": "9729885222", "name": "Kale Frankland", "location": "Oregon" },
  { "order": "3688206746", "name": "Ashia Ambrogioni", "location": "New York" },
  { "order": "0850672147", "name": "Josie Couvert", "location": "Ohio" },
  { "order": "4632591610", "name": "Anatol Bastone", "location": "Illinois" },
  { "order": "4814940696", "name": "Kalindi Hanshaw", "location": "Virginia" },
  { "order": "1272622568", "name": "Justinn Nesbeth", "location": "Virginia" },
  { "order": "8195535798", "name": "Wally Box", "location": "Texas" },
  { "order": "6782005751", "name": "Abbe Discombe", "location": "New York" },
  {
    "order": "9460826059",
    "name": "Susanetta Klees",
    "location": "North Carolina"
  },
  {
    "order": "4708620500",
    "name": "Judi Riglesford",
    "location": "Massachusetts"
  },
  {
    "order": "2773741552",
    "name": "Katrinka Station",
    "location": "California"
  },
  {
    "order": "1797447424",
    "name": "Rhody Earwaker",
    "location": "Pennsylvania"
  },
  {
    "order": "4216645356",
    "name": "Felice Kadwallider",
    "location": "Florida"
  },
  { "order": "1606186566", "name": "Selig Pamphilon", "location": "Nebraska" },
  { "order": "7364400036", "name": "Cathryn Natwick", "location": "Oregon" },
  { "order": "4698792827", "name": "Frank Haveline", "location": "Alaska" },
  { "order": "5531221355", "name": "Joshia Southall", "location": "Texas" },
  { "order": "5455314408", "name": "Jeane Reinert", "location": "New York" },
  { "order": "4003748069", "name": "Wandie Toquet", "location": "Tennessee" },
  { "order": "3647378046", "name": "Vidovik Wisdom", "location": "Indiana" },
  {
    "order": "8930927874",
    "name": "Maggy Lawey",
    "location": "North Carolina"
  },
  { "order": "1396200541", "name": "Whitby Wernher", "location": "Arizona" },
  { "order": "4194049381", "name": "Sibilla Habbert", "location": "Missouri" },
  {
    "order": "7781289668",
    "name": "Mordecai Tomkowicz",
    "location": "Arizona"
  },
  { "order": "4854905417", "name": "Veda Inkin", "location": "Illinois" },
  { "order": "9809583397", "name": "Enos Pechet", "location": "Arizona" }
]
