[
  {
    "date": "11/27/2020",
    "name": "Beverlie Guesford",
    "location": "Florida",
    "order": "0997364262"
  },
  {
    "date": "03/15/2021",
    "name": "Darrel Alekseicik",
    "location": "Colorado",
    "order": "6823151986"
  },
  {
    "date": "02/21/2021",
    "name": "Garnet Kindread",
    "location": "New York",
    "order": "1483323048"
  },
  {
    "date": "07/02/2020",
    "name": "Tommie Bern",
    "location": "Illinois",
    "order": "1210021838"
  },
  {
    "date": "06/27/2020",
    "name": "Gideon Tolossi",
    "location": "Iowa",
    "order": "9033077280"
  },
  {
    "date": "12/31/2020",
    "name": "Broderic Creany",
    "location": "Michigan",
    "order": "0636568296"
  },
  {
    "date": "01/17/2021",
    "name": "Ilene Newport",
    "location": "New York",
    "order": "4535871396"
  },
  {
    "date": "03/19/2021",
    "name": "June Firk",
    "location": "California",
    "order": "2963776004"
  },
  {
    "date": "01/30/2021",
    "name": "Paulie Godbald",
    "location": "California",
    "order": "0934986908"
  },
  {
    "date": "12/09/2020",
    "name": "Lionello Ivanets",
    "location": "Illinois",
    "order": "5056617768"
  },
  {
    "date": "04/16/2020",
    "name": "Jayme MacGillespie",
    "location": "Florida",
    "order": "7635340468"
  },
  {
    "date": "07/17/2020",
    "name": "Rhodia Henrionot",
    "location": "Tennessee",
    "order": "7976889109"
  },
  {
    "date": "11/25/2020",
    "name": "Farand Chanter",
    "location": "California",
    "order": "2741029156"
  },
  {
    "date": "10/28/2020",
    "name": "Odette Pawellek",
    "location": "Maine",
    "order": "3766262807"
  },
  {
    "date": "12/25/2020",
    "name": "Damita Rowbottam",
    "location": "Oklahoma",
    "order": "7203748871"
  },
  {
    "date": "04/11/2020",
    "name": "Cecily Pilgram",
    "location": "Washington",
    "order": "8016930859"
  },
  {
    "date": "04/26/2020",
    "name": "Tove Whitfield",
    "location": "Florida",
    "order": "1168880009"
  },
  {
    "date": "03/03/2021",
    "name": "Allyn Derill",
    "location": "Texas",
    "order": "3941789368"
  },
  {
    "date": "09/21/2020",
    "name": "Balduin Eaton",
    "location": "Illinois",
    "order": "0127113584"
  },
  {
    "date": "08/19/2020",
    "name": "Baxter Kellen",
    "location": "California",
    "order": "9991868534"
  },
  {
    "date": "07/31/2020",
    "name": "Aeriell Ife",
    "location": "Florida",
    "order": "4947138300"
  },
  {
    "date": "05/18/2020",
    "name": "Alika Mateos",
    "location": "Arizona",
    "order": "9563997506"
  },
  {
    "date": "09/14/2020",
    "name": "Florella Assard",
    "location": "California",
    "order": "1085106195"
  },
  {
    "date": "06/23/2020",
    "name": "Ermentrude Rosenfield",
    "location": "South Carolina",
    "order": "3433392692"
  },
  {
    "date": "04/09/2020",
    "name": "Sharleen Vasiljevic",
    "location": "Illinois",
    "order": "5079103949"
  },
  {
    "date": "12/25/2020",
    "name": "Andee Vannoort",
    "location": "Washington",
    "order": "4445841986"
  },
  {
    "date": "03/08/2021",
    "name": "Averil Avis",
    "location": "Arizona",
    "order": "6692155398"
  },
  {
    "date": "05/24/2020",
    "name": "Reed Perche",
    "location": "Louisiana",
    "order": "2707801615"
  },
  {
    "date": "07/05/2020",
    "name": "Marsiella Sexty",
    "location": "Oregon",
    "order": "8335403481"
  },
  {
    "date": "03/11/2021",
    "name": "Reed Buckby",
    "location": "Florida",
    "order": "7886569903"
  },
  {
    "date": "07/18/2020",
    "name": "Consuelo O'Hederscoll",
    "location": "Texas",
    "order": "4474495713"
  },
  {
    "date": "08/26/2020",
    "name": "Jaye MacVagh",
    "location": "Oklahoma",
    "order": "3301518885"
  },
  {
    "date": "04/15/2020",
    "name": "Muhammad Leverich",
    "location": "Connecticut",
    "order": "5801279563"
  },
  {
    "date": "02/10/2021",
    "name": "Erin Minty",
    "location": "California",
    "order": "3973727163"
  },
  {
    "date": "04/07/2020",
    "name": "Ricki Pratten",
    "location": "Idaho",
    "order": "0527977985"
  },
  {
    "date": "11/21/2020",
    "name": "Issy Petley",
    "location": "Alaska",
    "order": "9725273885"
  },
  {
    "date": "04/27/2020",
    "name": "Desmund Sandyford",
    "location": "New York",
    "order": "3310651622"
  },
  {
    "date": "08/05/2020",
    "name": "Nap Cockrell",
    "location": "Texas",
    "order": "0315535997"
  },
  {
    "date": "04/19/2020",
    "name": "Ronnie Cristea",
    "location": "Ohio",
    "order": "9566826419"
  },
  {
    "date": "12/24/2020",
    "name": "Stormy Nock",
    "location": "New York",
    "order": "9730579296"
  },
  {
    "date": "07/23/2020",
    "name": "Felice Blaszkiewicz",
    "location": "Michigan",
    "order": "5653679135"
  },
  {
    "date": "04/05/2020",
    "name": "Mitch Arens",
    "location": "Virginia",
    "order": "7514720855"
  },
  {
    "date": "10/11/2020",
    "name": "Whittaker Hawker",
    "location": "Nebraska",
    "order": "0359751482"
  },
  {
    "date": "09/04/2020",
    "name": "Kandy Brusle",
    "location": "Nevada",
    "order": "0469630450"
  },
  {
    "date": "08/22/2020",
    "name": "Marsha McCrohon",
    "location": "Rhode Island",
    "order": "4621789635"
  },
  {
    "date": "04/28/2020",
    "name": "Faina Saltrese",
    "location": "Nebraska",
    "order": "1369393903"
  },
  {
    "date": "09/02/2020",
    "name": "Prisca Aldrick",
    "location": "California",
    "order": "3087936480"
  },
  {
    "date": "09/03/2020",
    "name": "Syman Bugbee",
    "location": "Arizona",
    "order": "7401748681"
  },
  {
    "date": "11/07/2020",
    "name": "Rorie Cereceres",
    "location": "Illinois",
    "order": "1046421263"
  },
  {
    "date": "02/13/2021",
    "name": "Antonie Kerley",
    "location": "California",
    "order": "9655679861"
  },
  {
    "date": "09/14/2020",
    "name": "Alford Southerell",
    "location": "North Carolina",
    "order": "2737807778"
  },
  {
    "date": "04/03/2020",
    "name": "Belicia Vondracek",
    "location": "Rhode Island",
    "order": "4955827764"
  },
  {
    "date": "12/31/2020",
    "name": "Joli Grinsdale",
    "location": "Oregon",
    "order": "5284290704"
  },
  {
    "date": "06/15/2020",
    "name": "Wakefield Jell",
    "location": "New Jersey",
    "order": "2935899504"
  },
  {
    "date": "10/20/2020",
    "name": "Bevvy Jenkyn",
    "location": "Illinois",
    "order": "2679898710"
  },
  {
    "date": "10/25/2020",
    "name": "Shawnee Charrette",
    "location": "New York",
    "order": "7506188465"
  },
  {
    "date": "06/01/2020",
    "name": "Ethelind Fourcade",
    "location": "Missouri",
    "order": "4291762917"
  },
  {
    "date": "03/07/2021",
    "name": "Mariele Orsay",
    "location": "Virginia",
    "order": "5359403985"
  },
  {
    "date": "05/19/2020",
    "name": "Sullivan Latek",
    "location": "Alabama",
    "order": "9665461125"
  },
  {
    "date": "03/23/2020",
    "name": "Mario Tottman",
    "location": "Texas",
    "order": "6143096716"
  },
  {
    "date": "11/15/2020",
    "name": "Allyce Ulyatt",
    "location": "Pennsylvania",
    "order": "0200106104"
  },
  {
    "date": "05/17/2020",
    "name": "Fitz Thamelt",
    "location": "Connecticut",
    "order": "3478598591"
  },
  {
    "date": "11/28/2020",
    "name": "Sarene Davern",
    "location": "Pennsylvania",
    "order": "7019191177"
  },
  {
    "date": "05/01/2020",
    "name": "Sarah de'-Ancy Willis",
    "location": "Florida",
    "order": "8405036520"
  },
  {
    "date": "04/10/2020",
    "name": "Gavan Emanuelli",
    "location": "Rhode Island",
    "order": "8477327777"
  },
  {
    "date": "11/03/2020",
    "name": "Pepita Verrall",
    "location": "California",
    "order": "8548730803"
  },
  {
    "date": "12/14/2020",
    "name": "Suellen Giraldon",
    "location": "Texas",
    "order": "9234966589"
  },
  {
    "date": "09/10/2020",
    "name": "Che Barge",
    "location": "California",
    "order": "3513305877"
  },
  {
    "date": "04/22/2020",
    "name": "Annabel Hallibone",
    "location": "Texas",
    "order": "3753286265"
  },
  {
    "date": "09/12/2020",
    "name": "Titus Justun",
    "location": "Hawaii",
    "order": "7937990767"
  },
  {
    "date": "05/23/2020",
    "name": "Iosep McSpirron",
    "location": "New York",
    "order": "2205688537"
  },
  {
    "date": "01/30/2021",
    "name": "Rubia Bowmaker",
    "location": "California",
    "order": "8983747668"
  },
  {
    "date": "03/30/2020",
    "name": "Ardyth Terzza",
    "location": "New York",
    "order": "7215777936"
  },
  {
    "date": "07/29/2020",
    "name": "Sholom Mariolle",
    "location": "West Virginia",
    "order": "8104542737"
  },
  {
    "date": "07/10/2020",
    "name": "Hayley Siman",
    "location": "California",
    "order": "2605101231"
  },
  {
    "date": "09/05/2020",
    "name": "Towney Lewton",
    "location": "California",
    "order": "7428584027"
  },
  {
    "date": "02/18/2021",
    "name": "Tate Halwood",
    "location": "Georgia",
    "order": "2404374826"
  },
  {
    "date": "09/11/2020",
    "name": "Morissa Sherwood",
    "location": "Indiana",
    "order": "4423939177"
  },
  {
    "date": "06/23/2020",
    "name": "Ardine Tighe",
    "location": "Texas",
    "order": "6879159265"
  },
  {
    "date": "10/27/2020",
    "name": "Wit Corkish",
    "location": "Florida",
    "order": "8255448837"
  },
  {
    "date": "10/25/2020",
    "name": "Andris Mandrier",
    "location": "Virginia",
    "order": "9804552752"
  },
  {
    "date": "01/02/2021",
    "name": "Danya Beebis",
    "location": "Indiana",
    "order": "5965828926"
  },
  {
    "date": "09/08/2020",
    "name": "Kaile Syfax",
    "location": "Texas",
    "order": "4755142695"
  },
  {
    "date": "10/05/2020",
    "name": "Alano Matanin",
    "location": "Florida",
    "order": "1474630537"
  },
  {
    "date": "06/12/2020",
    "name": "Fidelia Saundercock",
    "location": "New York",
    "order": "6771935574"
  },
  {
    "date": "07/05/2020",
    "name": "Joachim Cade",
    "location": "Texas",
    "order": "5481219921"
  },
  {
    "date": "11/28/2020",
    "name": "Lizette Rudd",
    "location": "South Carolina",
    "order": "7739780286"
  },
  {
    "date": "08/10/2020",
    "name": "Evelyn Kernermann",
    "location": "South Carolina",
    "order": "4734677778"
  },
  {
    "date": "03/25/2020",
    "name": "Laney Baldick",
    "location": "West Virginia",
    "order": "6634119600"
  },
  {
    "date": "06/17/2020",
    "name": "Judas Giuron",
    "location": "Ohio",
    "order": "3176613385"
  },
  {
    "date": "11/21/2020",
    "name": "Doralynn Giabucci",
    "location": "Pennsylvania",
    "order": "1266115862"
  },
  {
    "date": "08/03/2020",
    "name": "Collete Titcomb",
    "location": "Nevada",
    "order": "9354888410"
  },
  {
    "date": "02/15/2021",
    "name": "Mack Latan",
    "location": "North Carolina",
    "order": "7114438966"
  },
  {
    "date": "04/29/2020",
    "name": "Lesli Braniff",
    "location": "Massachusetts",
    "order": "3516141506"
  },
  {
    "date": "11/15/2020",
    "name": "Mindy Keene",
    "location": "California",
    "order": "2462884947"
  },
  {
    "date": "01/09/2021",
    "name": "Riordan Roussell",
    "location": "Michigan",
    "order": "6031948397"
  },
  {
    "date": "03/02/2021",
    "name": "Hastings Tulk",
    "location": "New York",
    "order": "1330937074"
  },
  {
    "date": "08/25/2020",
    "name": "Noami Thomann",
    "location": "Ohio",
    "order": "8629673087"
  },
  {
    "date": "02/11/2021",
    "name": "Lenette McRory",
    "location": "Texas",
    "order": "8769158320"
  },
  {
    "date": "10/12/2020",
    "name": "Gracia Sage",
    "location": "New Mexico",
    "order": "2190462312"
  },
  {
    "date": "07/09/2020",
    "name": "Sam Reside",
    "location": "Virginia",
    "order": "2594766240"
  },
  {
    "date": "04/29/2020",
    "name": "Filberte Fishley",
    "location": "Oklahoma",
    "order": "6128065058"
  },
  {
    "date": "02/09/2021",
    "name": "Crosby Alabastar",
    "location": "Alaska",
    "order": "1624703550"
  },
  {
    "date": "12/02/2020",
    "name": "Gilberto Sudlow",
    "location": "Oklahoma",
    "order": "7690785328"
  },
  {
    "date": "03/29/2020",
    "name": "Gabriella Haveline",
    "location": "Ohio",
    "order": "1934467618"
  },
  {
    "date": "10/11/2020",
    "name": "Prinz Britee",
    "location": "Illinois",
    "order": "4300992320"
  },
  {
    "date": "04/18/2020",
    "name": "Shawnee Domican",
    "location": "Illinois",
    "order": "9909709775"
  },
  {
    "date": "07/17/2020",
    "name": "Elizabeth Tremathick",
    "location": "Tennessee",
    "order": "3446782532"
  },
  {
    "date": "03/08/2021",
    "name": "Elsbeth Feek",
    "location": "Texas",
    "order": "7833245038"
  },
  {
    "date": "01/15/2021",
    "name": "Vevay Olennikov",
    "location": "Oklahoma",
    "order": "3805559968"
  },
  {
    "date": "10/05/2020",
    "name": "Derward Summerlee",
    "location": "Georgia",
    "order": "8746441883"
  },
  {
    "date": "03/03/2021",
    "name": "Willyt Blacklock",
    "location": "Hawaii",
    "order": "1170473504"
  },
  {
    "date": "08/02/2020",
    "name": "Vyky Thame",
    "location": "Missouri",
    "order": "3202474723"
  },
  {
    "date": "05/10/2020",
    "name": "Micaela Focke",
    "location": "Louisiana",
    "order": "8208694568"
  },
  {
    "date": "05/18/2020",
    "name": "Julius Itzakson",
    "location": "Missouri",
    "order": "1210434679"
  },
  {
    "date": "11/16/2020",
    "name": "Duff Hodgen",
    "location": "Minnesota",
    "order": "0193476738"
  },
  {
    "date": "04/23/2020",
    "name": "Werner Murphy",
    "location": "Kentucky",
    "order": "7828632827"
  },
  {
    "date": "06/29/2020",
    "name": "Norris Arnaudet",
    "location": "Ohio",
    "order": "6037918651"
  },
  {
    "date": "07/31/2020",
    "name": "Jannelle Daymont",
    "location": "Minnesota",
    "order": "3635664421"
  },
  {
    "date": "03/13/2021",
    "name": "Shanan Pycock",
    "location": "Texas",
    "order": "3747916503"
  },
  {
    "date": "05/01/2020",
    "name": "Marlo Stearnes",
    "location": "Missouri",
    "order": "3369900505"
  },
  {
    "date": "01/15/2021",
    "name": "Dorena Mattusevich",
    "location": "New York",
    "order": "7436991663"
  },
  {
    "date": "03/01/2021",
    "name": "Sawyere Axton",
    "location": "South Carolina",
    "order": "8754584833"
  },
  {
    "date": "04/29/2020",
    "name": "Kerrill Mathivet",
    "location": "Utah",
    "order": "8052459036"
  },
  {
    "date": "12/04/2020",
    "name": "Daune Limming",
    "location": "Texas",
    "order": "1104933454"
  },
  {
    "date": "09/19/2020",
    "name": "Dorette Paull",
    "location": "Minnesota",
    "order": "8966333508"
  },
  {
    "date": "07/23/2020",
    "name": "Cordi Harbor",
    "location": "North Carolina",
    "order": "2749806690"
  },
  {
    "date": "06/11/2020",
    "name": "Pierrette Rought",
    "location": "Nebraska",
    "order": "1687591776"
  },
  {
    "date": "09/27/2020",
    "name": "Randi Bredbury",
    "location": "Pennsylvania",
    "order": "1352599228"
  },
  {
    "date": "03/10/2021",
    "name": "Ronnie Burtonshaw",
    "location": "Indiana",
    "order": "7940570951"
  },
  {
    "date": "07/13/2020",
    "name": "Sadye Waything",
    "location": "Indiana",
    "order": "3194996126"
  },
  {
    "date": "02/07/2021",
    "name": "Candie Tieraney",
    "location": "Ohio",
    "order": "8144139151"
  },
  {
    "date": "04/25/2020",
    "name": "Agnola Aslott",
    "location": "Ohio",
    "order": "5075318096"
  },
  {
    "date": "04/17/2020",
    "name": "Oralla Dumberrill",
    "location": "New Mexico",
    "order": "4249629651"
  },
  {
    "date": "12/19/2020",
    "name": "Emmalyn Hattam",
    "location": "Texas",
    "order": "5677957178"
  },
  {
    "date": "08/31/2020",
    "name": "Coraline Stickler",
    "location": "Connecticut",
    "order": "1890022098"
  },
  {
    "date": "05/19/2020",
    "name": "Jewell Merner",
    "location": "Pennsylvania",
    "order": "8408041932"
  },
  {
    "date": "07/24/2020",
    "name": "Isidor Habbin",
    "location": "Illinois",
    "order": "8242649324"
  },
  {
    "date": "04/07/2020",
    "name": "Caspar Milroy",
    "location": "Texas",
    "order": "0757663044"
  },
  {
    "date": "11/13/2020",
    "name": "Georgie Aliberti",
    "location": "Missouri",
    "order": "6778018259"
  },
  {
    "date": "10/14/2020",
    "name": "Tamma Spinella",
    "location": "Texas",
    "order": "4250679969"
  },
  {
    "date": "12/05/2020",
    "name": "Jacynth Howells",
    "location": "New York",
    "order": "0546619231"
  },
  {
    "date": "06/01/2020",
    "name": "Marnie Pledge",
    "location": "Kentucky",
    "order": "1146958226"
  },
  {
    "date": "04/19/2020",
    "name": "Daryl Hammerberg",
    "location": "Colorado",
    "order": "8651738323"
  },
  {
    "date": "05/27/2020",
    "name": "Jess Laguerre",
    "location": "New York",
    "order": "6189526977"
  },
  {
    "date": "06/17/2020",
    "name": "Sunny Reilinger",
    "location": "Texas",
    "order": "0458898910"
  },
  {
    "date": "09/26/2020",
    "name": "Chloe Armatys",
    "location": "Florida",
    "order": "0232809720"
  },
  {
    "date": "08/05/2020",
    "name": "Garvy Garrish",
    "location": "New Mexico",
    "order": "3304319662"
  },
  {
    "date": "05/11/2020",
    "name": "Dannie Frotton",
    "location": "Kentucky",
    "order": "9958998696"
  },
  {
    "date": "10/29/2020",
    "name": "Willi Burges",
    "location": "Florida",
    "order": "8724959073"
  },
  {
    "date": "01/24/2021",
    "name": "Codie Tankus",
    "location": "Nevada",
    "order": "3415871304"
  },
  {
    "date": "07/07/2020",
    "name": "Sidonia Sarginson",
    "location": "Michigan",
    "order": "8807239590"
  },
  {
    "date": "06/03/2020",
    "name": "Tristam Mar",
    "location": "Ohio",
    "order": "5668184579"
  },
  {
    "date": "02/19/2021",
    "name": "Melisande Gommey",
    "location": "Illinois",
    "order": "4784359036"
  },
  {
    "date": "11/26/2020",
    "name": "Mabelle Rolph",
    "location": "Arizona",
    "order": "0713224452"
  },
  {
    "date": "10/04/2020",
    "name": "Jerad Hazelgrove",
    "location": "Maryland",
    "order": "7784148984"
  },
  {
    "date": "08/05/2020",
    "name": "Giffy Salters",
    "location": "Minnesota",
    "order": "9440406836"
  },
  {
    "date": "08/16/2020",
    "name": "Donnamarie Sibyllina",
    "location": "Kansas",
    "order": "2993538268"
  },
  {
    "date": "04/03/2020",
    "name": "Enriqueta Morrish",
    "location": "Arizona",
    "order": "6159819658"
  },
  {
    "date": "03/25/2020",
    "name": "Arda Lee",
    "location": "California",
    "order": "4739751062"
  },
  {
    "date": "06/25/2020",
    "name": "Cookie Shepherd",
    "location": "Missouri",
    "order": "5322897577"
  },
  {
    "date": "01/14/2021",
    "name": "Lorna Klimentov",
    "location": "Ohio",
    "order": "3992443272"
  },
  {
    "date": "11/01/2020",
    "name": "Garry Killingback",
    "location": "California",
    "order": "1043222405"
  },
  {
    "date": "03/11/2021",
    "name": "Cori Craney",
    "location": "District of Columbia",
    "order": "4919635931"
  },
  {
    "date": "05/23/2020",
    "name": "Debera Petschel",
    "location": "Michigan",
    "order": "4892874337"
  },
  {
    "date": "02/05/2021",
    "name": "Saw Shyram",
    "location": "District of Columbia",
    "order": "7298131443"
  },
  {
    "date": "04/21/2020",
    "name": "Adrianna Cressor",
    "location": "Minnesota",
    "order": "8420114790"
  },
  {
    "date": "10/06/2020",
    "name": "Hagen Chilcott",
    "location": "Nevada",
    "order": "3729391763"
  },
  {
    "date": "02/12/2021",
    "name": "Etta Morison",
    "location": "Nebraska",
    "order": "6098742685"
  },
  {
    "date": "03/19/2021",
    "name": "Jackquelin Danielsen",
    "location": "California",
    "order": "8941561655"
  },
  {
    "date": "02/03/2021",
    "name": "Devon Mosson",
    "location": "Alabama",
    "order": "7565411000"
  },
  {
    "date": "08/17/2020",
    "name": "Shoshanna Spurdon",
    "location": "California",
    "order": "1342930711"
  },
  {
    "date": "05/04/2020",
    "name": "Rochette Housecroft",
    "location": "Louisiana",
    "order": "4724737123"
  },
  {
    "date": "06/27/2020",
    "name": "Phil Edland",
    "location": "Pennsylvania",
    "order": "4995598545"
  },
  {
    "date": "07/27/2020",
    "name": "Mallorie Brenston",
    "location": "Maryland",
    "order": "4830235861"
  },
  {
    "date": "06/10/2020",
    "name": "Inglebert Bercevelo",
    "location": "Georgia",
    "order": "8227570577"
  },
  {
    "date": "12/13/2020",
    "name": "Flory Stanfield",
    "location": "Texas",
    "order": "8334492464"
  },
  {
    "date": "07/24/2020",
    "name": "Carleen Ambrogetti",
    "location": "Florida",
    "order": "3306694312"
  },
  {
    "date": "12/22/2020",
    "name": "Maxwell Vitet",
    "location": "Texas",
    "order": "8876379797"
  },
  {
    "date": "11/15/2020",
    "name": "Doria Hardstaff",
    "location": "District of Columbia",
    "order": "7985504109"
  },
  {
    "date": "08/13/2020",
    "name": "Guthry Greetland",
    "location": "California",
    "order": "4850116108"
  },
  {
    "date": "03/30/2020",
    "name": "Jessy Macveigh",
    "location": "Arizona",
    "order": "3594693988"
  },
  {
    "date": "10/05/2020",
    "name": "Curtice Czadla",
    "location": "California",
    "order": "4006913931"
  },
  {
    "date": "01/25/2021",
    "name": "Ermina Bronot",
    "location": "California",
    "order": "0869478273"
  },
  {
    "date": "11/25/2020",
    "name": "Ilse Norvel",
    "location": "Texas",
    "order": "5077060533"
  },
  {
    "date": "05/18/2020",
    "name": "Holli Dunning",
    "location": "California",
    "order": "8818165275"
  },
  {
    "date": "11/27/2020",
    "name": "Garald McGuiness",
    "location": "Pennsylvania",
    "order": "4433168785"
  },
  {
    "date": "07/25/2020",
    "name": "Juan Garken",
    "location": "Texas",
    "order": "2868151477"
  },
  {
    "date": "06/17/2020",
    "name": "Grady Dowsey",
    "location": "Texas",
    "order": "7220137796"
  },
  {
    "date": "02/23/2021",
    "name": "Aleda Duval",
    "location": "California",
    "order": "9618109720"
  },
  {
    "date": "05/17/2020",
    "name": "Sheree Caldwall",
    "location": "Ohio",
    "order": "8005608799"
  },
  {
    "date": "05/08/2020",
    "name": "Noami Burt",
    "location": "Illinois",
    "order": "4961207942"
  },
  {
    "date": "04/27/2020",
    "name": "Aviva Gogay",
    "location": "Michigan",
    "order": "8724412724"
  },
  {
    "date": "08/26/2020",
    "name": "Geno Corbyn",
    "location": "Iowa",
    "order": "0502374985"
  },
  {
    "date": "01/17/2021",
    "name": "Ed Draaisma",
    "location": "Minnesota",
    "order": "5021933396"
  },
  {
    "date": "03/30/2020",
    "name": "Woodrow Mattedi",
    "location": "North Carolina",
    "order": "3514573298"
  },
  {
    "date": "08/19/2020",
    "name": "Mischa Antcliff",
    "location": "Oregon",
    "order": "6401048581"
  },
  {
    "date": "10/02/2020",
    "name": "Richy Witchard",
    "location": "Virginia",
    "order": "3316193480"
  },
  {
    "date": "02/23/2021",
    "name": "Alysia Vinnicombe",
    "location": "California",
    "order": "7057577346"
  },
  {
    "date": "10/03/2020",
    "name": "Cami McKall",
    "location": "California",
    "order": "9913326508"
  }
]
