[{"date":"1/7/2021","name":"Eachelle Narup","location":"Abruzzi","order":"0983668310","rack":"Keebler-Blick"},
{"date":"3/30/2020","name":"Stoddard Perrat","location":"Abruzzi","order":"6349312902","rack":"Leuschke and Sons"},
{"date":"12/10/2020","name":"Nara Wille","location":"Abruzzi","order":"9689382225","rack":"Mraz and Sons"},
{"date":"6/1/2020","name":"Kevan Camelin","location":"Abruzzi","order":"3710135117","rack":"Runolfsson, Greenfelder and Wolff"},
{"date":"8/17/2020","name":"Sallyann Kittiman","location":"Abruzzi","order":"8386109726","rack":"Torphy-Satterfield"},
{"date":"9/26/2020","name":"Valerye Castellet","location":"Abruzzi","order":"3456821484","rack":"Balistreri-Blanda"},
{"date":"7/3/2020","name":"Pavla Claringbold","location":"Abruzzi","order":"0757486150","rack":"Brakus Inc"},
{"date":"9/15/2020","name":"Sherwood Fawlkes","location":"Abruzzi","order":"9372771902","rack":"Wehner-McClure"},
{"date":"5/27/2020","name":"Cash Farnworth","location":"Abruzzi","order":"2062531826","rack":"Wilkinson Inc"},
{"date":"8/31/2020","name":"Lissie Peirce","location":"Abruzzi","order":"6886377736","rack":"Kulas, Goyette and DuBuque"},
{"date":"4/27/2020","name":"Pietrek Abade","location":"Abruzzi","order":"3012378413","rack":"Abbott-McLaughlin"},
{"date":"4/14/2020","name":"Celesta Seedman","location":"Abruzzi","order":"5698506892","rack":"Thiel, Crona and Mohr"},
{"date":"11/1/2020","name":"Kippy Hazlegrove","location":"Abruzzi","order":"4414670748","rack":"Effertz-Ebert"},
{"date":"3/28/2020","name":"Hettie Cawthorne","location":"Abruzzi","order":"7040134519","rack":"Wintheiser Inc"},
{"date":"9/5/2020","name":"Tammie Epelett","location":"Abruzzi","order":"9354379907","rack":"Bernhard, Pfeffer and Larkin"},
{"date":"5/24/2020","name":"Kippie Hoggan","location":"Abruzzi","order":"2597072029","rack":"Weimann-Hodkiewicz"},
{"date":"11/21/2020","name":"Julie Aubrun","location":"Abruzzi","order":"5842374099","rack":"Cole-Larson"},
{"date":"12/27/2020","name":"Tucky Tomlett","location":"Abruzzi","order":"5408392163","rack":"Schamberger Inc"},
{"date":"7/5/2020","name":"Christy Aitchison","location":"Abruzzi","order":"5410776445","rack":"Johns-Metz"},
{"date":"7/5/2020","name":"Perrine Pinkard","location":"Abruzzi","order":"1290865523","rack":"Kunze Inc"},
{"date":"11/18/2020","name":"Dorie Squier","location":"Abruzzi","order":"8954287913","rack":"Schowalter Group"},
{"date":"3/8/2021","name":"Milt Nealy","location":"Abruzzi","order":"2911569385","rack":"Hills-Hagenes"},
{"date":"6/12/2020","name":"Daria McKee","location":"Abruzzi","order":"4508666914","rack":"Schultz-Predovic"},
{"date":"8/23/2020","name":"Henrieta Bane","location":"Abruzzi","order":"4256700293","rack":"Waelchi, Luettgen and Reynolds"},
{"date":"8/28/2020","name":"Hilly Rainon","location":"Abruzzi","order":"7579144077","rack":"Rowe LLC"},
{"date":"7/5/2020","name":"Kynthia Tomei","location":"Abruzzi","order":"2151525589","rack":"Gerhold-Mann"},
{"date":"6/19/2020","name":"Blake Scannell","location":"Abruzzi","order":"1831592541","rack":"O'Kon, Hills and Hagenes"},
{"date":"11/2/2020","name":"Dacy Brandrick","location":"Abruzzi","order":"2630639835","rack":"Adams, Goldner and Gutkowski"},
{"date":"11/28/2020","name":"Fleming Cawdron","location":"Abruzzi","order":"1548437379","rack":"Thompson Group"},
{"date":"5/18/2020","name":"Davida Surridge","location":"Abruzzi","order":"8935667838","rack":"King Inc"},
{"date":"9/17/2020","name":"Flynn Reinard","location":"Abruzzi","order":"2575523931","rack":"Borer Inc"},
{"date":"3/6/2021","name":"Mitzi Stuffins","location":"Abruzzi","order":"3745357876","rack":"Little LLC"},
{"date":"10/31/2020","name":"Crichton Mitrikhin","location":"Abruzzi","order":"3760807674","rack":"Rath Inc"},
{"date":"4/29/2020","name":"Isadore McCarroll","location":"Abruzzi","order":"2283051762","rack":"Trantow, Goodwin and Johns"},
{"date":"6/2/2020","name":"Abby Bainbrigge","location":"Abruzzi","order":"0499903218","rack":"Stamm, Zemlak and Dicki"},
{"date":"2/17/2021","name":"Elsey Mateo","location":"Abruzzi","order":"9007688146","rack":"Lakin, Sawayn and Price"},
{"date":"4/5/2020","name":"Donella Breadon","location":"Abruzzi","order":"8415620357","rack":"Altenwerth-Mante"},
{"date":"6/15/2020","name":"Dyan Josskovitz","location":"Abruzzi","order":"4651910440","rack":"Reichert-Howell"},
{"date":"3/5/2021","name":"Louise Standon","location":"Abruzzi","order":"4703849313","rack":"Cormier-Abshire"},
{"date":"5/16/2020","name":"Mara Casali","location":"Abruzzi","order":"2942705906","rack":"Kunze Inc"},
{"date":"5/26/2020","name":"Gilberta Schoenfisch","location":"Abruzzi","order":"0765544296","rack":"Feil-Medhurst"},
{"date":"6/22/2020","name":"Theda Lesurf","location":"Abruzzi","order":"4464282156","rack":"Beer, Paucek and Koss"},
{"date":"2/27/2021","name":"Linzy Pentlow","location":"Abruzzi","order":"2426226455","rack":"Wiegand and Sons"},
{"date":"11/11/2020","name":"Bryna Babar","location":"Abruzzi","order":"2297688709","rack":"Willms-Halvorson"},
{"date":"10/7/2020","name":"Allina Pietrzak","location":"Abruzzi","order":"6815883558","rack":"Keebler, Volkman and Hayes"},
{"date":"12/9/2020","name":"Arv Meads","location":"Abruzzi","order":"6172983148","rack":"Pouros-Pfeffer"},
{"date":"6/19/2020","name":"Shani Frickey","location":"Abruzzi","order":"7892174788","rack":"Torphy Group"},
{"date":"12/29/2020","name":"Man Huyche","location":"Abruzzi","order":"9819367549","rack":"Green-Douglas"},
{"date":"5/7/2020","name":"Chloris Thorp","location":"Abruzzi","order":"4167847450","rack":"Bailey-Willms"},
{"date":"6/14/2020","name":"Felisha McAirt","location":"Abruzzi","order":"4870252511","rack":"Lindgren-Monahan"},
{"date":"9/13/2020","name":"Shina Kleinlerer","location":"Abruzzi","order":"5983077112","rack":"Rath and Sons"},
{"date":"4/29/2020","name":"Ursala Taft","location":"Abruzzi","order":"3822286702","rack":"Emmerich-Baumbach"},
{"date":"10/14/2020","name":"Birch Rozanski","location":"Abruzzi","order":"4650392411","rack":"Toy, Hilpert and Daniel"},
{"date":"7/4/2020","name":"Kermit Goodluck","location":"Abruzzi","order":"9698380914","rack":"McKenzie-Smitham"},
{"date":"4/9/2020","name":"Cindie Mingo","location":"Abruzzi","order":"7774060235","rack":"Reichert, Daugherty and Breitenberg"},
{"date":"10/15/2020","name":"Ogden Crowder","location":"Abruzzi","order":"1423834755","rack":"Hickle and Sons"},
{"date":"6/11/2020","name":"Shaylynn Tither","location":"Abruzzi","order":"0759219052","rack":"Goyette, Goodwin and Ernser"},
{"date":"10/8/2020","name":"Blayne Tattershall","location":"Abruzzi","order":"9096484665","rack":"Braun-O'Connell"},
{"date":"7/2/2020","name":"Free Neeves","location":"Abruzzi","order":"3748049862","rack":"Legros LLC"},
{"date":"1/13/2021","name":"Elinor Craigheid","location":"Abruzzi","order":"0328659452","rack":"Dibbert Inc"},
{"date":"9/5/2020","name":"Reeba Mugg","location":"Abruzzi","order":"5879670376","rack":"Yost, Greenholt and Flatley"},
{"date":"11/5/2020","name":"Torr Weatherhogg","location":"Abruzzi","order":"3499357186","rack":"Moen, Thiel and Terry"},
{"date":"3/3/2021","name":"Arther Dumbrall","location":"Abruzzi","order":"4454650098","rack":"Muller LLC"},
{"date":"10/30/2020","name":"Olly Kayser","location":"Abruzzi","order":"5298342892","rack":"Feeney, Hirthe and Langworth"},
{"date":"11/11/2020","name":"Juliann Knighton","location":"Abruzzi","order":"7916290251","rack":"Graham Group"},
{"date":"5/8/2020","name":"Sylvia Pilkington","location":"Abruzzi","order":"1775611396","rack":"Ritchie, Harris and Dietrich"},
{"date":"9/14/2020","name":"Dolli Pietzker","location":"Abruzzi","order":"0799066656","rack":"Brown-Schaefer"},
{"date":"10/3/2020","name":"Giorgia Hunnable","location":"Abruzzi","order":"4489086695","rack":"Kreiger Group"},
{"date":"7/30/2020","name":"Bealle Beecheno","location":"Abruzzi","order":"4224333546","rack":"Howe, Sanford and Gutkowski"},
{"date":"7/26/2020","name":"Alister Tappor","location":"Abruzzi","order":"9656248929","rack":"Wisozk-O'Reilly"},
{"date":"8/12/2020","name":"Nerti Forestel","location":"Abruzzi","order":"3946866158","rack":"McClure LLC"},
{"date":"10/3/2020","name":"Cairistiona Huck","location":"Abruzzi","order":"7521582284","rack":"Cummings, Beer and Thompson"},
{"date":"4/30/2020","name":"Kerk Sprigg","location":"Abruzzi","order":"2733455990","rack":"Eichmann-Konopelski"},
{"date":"4/4/2020","name":"Modestia Tipens","location":"Abruzzi","order":"3987579080","rack":"Pouros, Rolfson and Mohr"},
{"date":"8/22/2020","name":"Barret Dufaire","location":"Abruzzi","order":"1355416752","rack":"Langworth-Jast"},
{"date":"2/20/2021","name":"Indira Fatharly","location":"Abruzzi","order":"2454190214","rack":"Tremblay Group"},
{"date":"10/9/2020","name":"Aaren Tansley","location":"Abruzzi","order":"6501191629","rack":"Frami and Sons"},
{"date":"5/4/2020","name":"Blisse Bisacre","location":"Abruzzi","order":"3284564071","rack":"Beier, Spinka and Hayes"},
{"date":"2/9/2021","name":"Reinald Bown","location":"Abruzzi","order":"5096298388","rack":"Gislason, Goyette and Jacobi"},
{"date":"12/10/2020","name":"Cayla Zammett","location":"Abruzzi","order":"7694547073","rack":"Becker, Kutch and Wilderman"},
{"date":"5/1/2020","name":"Mandel O'Connolly","location":"Abruzzi","order":"1228555362","rack":"Mitchell, Kirlin and Gusikowski"},
{"date":"1/23/2021","name":"Annadiana Jansema","location":"Abruzzi","order":"5219739654","rack":"Schaefer, Leuschke and Gutkowski"},
{"date":"10/6/2020","name":"Merilyn Govey","location":"Abruzzi","order":"9705761051","rack":"Miller-Quigley"},
{"date":"7/23/2020","name":"Efrem Troubridge","location":"Abruzzi","order":"9198354884","rack":"Fadel Group"},
{"date":"1/25/2021","name":"Lilllie Terrazzo","location":"Abruzzi","order":"3952158003","rack":"Robel Inc"},
{"date":"9/28/2020","name":"Laurent Dawidowicz","location":"Abruzzi","order":"7225083147","rack":"Reichel-Schultz"},
{"date":"8/20/2020","name":"Ruprecht Lamborn","location":"Abruzzi","order":"3074933119","rack":"Mitchell-Parker"},
{"date":"1/18/2021","name":"Berthe Stockney","location":"Abruzzi","order":"0351066942","rack":"Hahn-Renner"},
{"date":"8/24/2020","name":"Ives Larmor","location":"Abruzzi","order":"1072354284","rack":"Parisian, Wilkinson and Wilkinson"},
{"date":"4/23/2020","name":"Hunt McCutheon","location":"Abruzzi","order":"1418029734","rack":"Howe Inc"},
{"date":"7/10/2020","name":"Bartie Alam","location":"Abruzzi","order":"6866095840","rack":"Nolan, VonRueden and Runte"},
{"date":"4/11/2020","name":"Sylas Statham","location":"Abruzzi","order":"1397108266","rack":"Haag-Hammes"},
{"date":"4/30/2020","name":"Nataniel Broader","location":"Abruzzi","order":"0474971406","rack":"Johnston-Vandervort"},
{"date":"5/24/2020","name":"Chance Steffens","location":"Abruzzi","order":"0713765348","rack":"Auer and Sons"},
{"date":"1/13/2021","name":"Jasper MacIlwrick","location":"Abruzzi","order":"5295134563","rack":"Kiehn, Hoeger and Mayert"},
{"date":"11/3/2020","name":"Maximilian Amort","location":"Abruzzi","order":"1364114682","rack":"Bednar, Bradtke and Durgan"},
{"date":"2/11/2021","name":"Garner Bagehot","location":"Abruzzi","order":"7800671275","rack":"Stamm, Lowe and Lang"},
{"date":"4/21/2020","name":"Annette Erickssen","location":"Abruzzi","order":"7309390210","rack":"Breitenberg-Cole"},
{"date":"4/20/2020","name":"Leta Piscopiello","location":"Abruzzi","order":"1049782445","rack":"Walsh Group"},
{"date":"2/27/2021","name":"Avrit Farman","location":"Abruzzi","order":"5881871847","rack":"Moore, Effertz and Hamill"},
{"date":"11/18/2020","name":"Karel Semple","location":"Abruzzi","order":"2937163386","rack":"Kemmer-Larson"},
{"date":"9/27/2020","name":"Tulley Bulman","location":"Abruzzi","order":"3321923025","rack":"Abshire, Kuphal and Hilpert"},
{"date":"8/11/2020","name":"Osbourne Boutcher","location":"Abruzzi","order":"9799432944","rack":"Considine Group"},
{"date":"7/19/2020","name":"Chadd Quesne","location":"Abruzzi","order":"1612791050","rack":"Fay-Von"},
{"date":"5/10/2020","name":"Phillida Tomankiewicz","location":"Abruzzi","order":"8473131614","rack":"Streich Inc"},
{"date":"11/16/2020","name":"Gale Lymer","location":"Abruzzi","order":"7461108158","rack":"Little LLC"},
{"date":"9/7/2020","name":"Katina McKernan","location":"Abruzzi","order":"7125913148","rack":"Pfannerstill, Wolff and Schaden"},
{"date":"11/13/2020","name":"Rodrick Heasley","location":"Abruzzi","order":"4321700817","rack":"Stiedemann and Sons"},
{"date":"5/21/2020","name":"Trenna Towsie","location":"Abruzzi","order":"9340270630","rack":"Harvey and Sons"},
{"date":"1/8/2021","name":"Harris Kiezler","location":"Abruzzi","order":"8231062076","rack":"Abshire, Nienow and Berge"},
{"date":"2/27/2021","name":"Hayes Drakes","location":"Abruzzi","order":"8314946753","rack":"Stokes, Weber and Harris"},
{"date":"12/5/2020","name":"Holly-anne Berringer","location":"Abruzzi","order":"5224981573","rack":"Watsica, Ziemann and Becker"},
{"date":"8/16/2020","name":"Willard Archell","location":"Abruzzi","order":"9791305838","rack":"Stracke-Morissette"},
{"date":"9/18/2020","name":"Matthieu Witten","location":"Abruzzi","order":"0668003294","rack":"Friesen, Klein and Lynch"},
{"date":"10/26/2020","name":"Cinnamon Beckhouse","location":"Abruzzi","order":"6953944021","rack":"Miller, Schulist and Quigley"},
{"date":"11/24/2020","name":"Tania Blackhurst","location":"Abruzzi","order":"8628143017","rack":"Krajcik-Reynolds"},
{"date":"4/6/2020","name":"Melisande Ciccotti","location":"Abruzzi","order":"2357662050","rack":"Weissnat-Jerde"},
{"date":"12/23/2020","name":"Vally McNellis","location":"Abruzzi","order":"0940386097","rack":"Mills, Hyatt and Feest"},
{"date":"5/2/2020","name":"Angy Butler","location":"Abruzzi","order":"7783738486","rack":"Macejkovic, Romaguera and Ernser"},
{"date":"5/12/2020","name":"Dewain Jaram","location":"Abruzzi","order":"7803913865","rack":"Pagac, Wisoky and Senger"},
{"date":"3/21/2021","name":"Cass Allonby","location":"Abruzzi","order":"7808299979","rack":"Waters, Wiegand and Daugherty"},
{"date":"7/10/2020","name":"Ronalda Brocking","location":"Abruzzi","order":"4971075143","rack":"McDermott, Marks and West"},
{"date":"5/27/2020","name":"Christoffer Mackleden","location":"Abruzzi","order":"4181503399","rack":"Dooley and Sons"},
{"date":"10/5/2020","name":"Asa Davey","location":"Abruzzi","order":"6155878749","rack":"Hessel and Sons"},
{"date":"8/13/2020","name":"Lishe Drysdall","location":"Abruzzi","order":"9159482036","rack":"Lehner-Schmidt"},
{"date":"10/8/2020","name":"Bondie Nehl","location":"Abruzzi","order":"1330500156","rack":"Schaden-Carroll"},
{"date":"11/14/2020","name":"Maggie Janosevic","location":"Abruzzi","order":"5722129690","rack":"Gleichner, Hackett and Roberts"},
{"date":"9/6/2020","name":"Carolin O'Halligan","location":"Abruzzi","order":"5350170929","rack":"Mraz-Langosh"},
{"date":"11/27/2020","name":"Leonie Vannah","location":"Abruzzi","order":"9918954965","rack":"Lemke Inc"},
{"date":"9/13/2020","name":"Sarette Szymanowicz","location":"Abruzzi","order":"0601057643","rack":"MacGyver-Balistreri"},
{"date":"7/22/2020","name":"Dollie Kinglesyd","location":"Abruzzi","order":"1168136431","rack":"Sipes, Gibson and Botsford"},
{"date":"9/30/2020","name":"Marsh Tizzard","location":"Abruzzi","order":"9967160195","rack":"Moore-Rippin"},
{"date":"4/18/2020","name":"Alikee Rowland","location":"Abruzzi","order":"1945853247","rack":"Green, Marvin and Daniel"},
{"date":"12/12/2020","name":"Barby Alday","location":"Abruzzi","order":"2566725314","rack":"Greenholt LLC"},
{"date":"2/19/2021","name":"Aurore Honack","location":"Abruzzi","order":"0727994093","rack":"Moen, Reynolds and Nolan"},
{"date":"4/18/2020","name":"Alphard Coales","location":"Abruzzi","order":"8102209720","rack":"Hessel-Reinger"},
{"date":"10/27/2020","name":"Adelaida Pietasch","location":"Abruzzi","order":"8979864965","rack":"Cole, Hodkiewicz and Skiles"},
{"date":"1/27/2021","name":"Alexio Morfett","location":"Abruzzi","order":"4268897658","rack":"Kilback, Grant and Auer"},
{"date":"5/31/2020","name":"Penni Grushin","location":"Abruzzi","order":"6815894665","rack":"Cremin-DuBuque"},
{"date":"2/19/2021","name":"Jacques Seston","location":"Abruzzi","order":"6919136775","rack":"Weimann, Schowalter and Nikolaus"},
{"date":"12/6/2020","name":"Giordano Blomefield","location":"Abruzzi","order":"9145183090","rack":"Hackett-Jacobson"},
{"date":"10/14/2020","name":"Adolf McPheat","location":"Abruzzi","order":"3422400516","rack":"Steuber and Sons"},
{"date":"12/22/2020","name":"Virgilio Glenwright","location":"Abruzzi","order":"0122337255","rack":"Wyman and Sons"},
{"date":"6/15/2020","name":"Julia Eaglesham","location":"Abruzzi","order":"6036228740","rack":"Ortiz, Hermann and Lang"},
{"date":"11/24/2020","name":"Mignon Wyrill","location":"Abruzzi","order":"5028157014","rack":"Torp-Beahan"},
{"date":"4/22/2020","name":"Madelena Shillabear","location":"Abruzzi","order":"0868498718","rack":"Howe, Conn and Mueller"},
{"date":"11/25/2020","name":"Graig Hambrook","location":"Abruzzi","order":"8073175673","rack":"Hackett, Parisian and Pfannerstill"},
{"date":"12/6/2020","name":"Issiah Mewis","location":"Abruzzi","order":"3791053728","rack":"Lind-Towne"},
{"date":"1/31/2021","name":"Angelina Cockrell","location":"Abruzzi","order":"5436676456","rack":"Kshlerin, Dicki and Kutch"},
{"date":"3/25/2020","name":"Lettie Stanlick","location":"Abruzzi","order":"3720097870","rack":"Muller LLC"},
{"date":"4/27/2020","name":"Lorene Berkery","location":"Abruzzi","order":"7394372766","rack":"Adams, Fay and Hansen"},
{"date":"10/13/2020","name":"Chrisse Slesser","location":"Abruzzi","order":"4050252120","rack":"Hayes Inc"},
{"date":"1/12/2021","name":"Merl Anthoine","location":"Abruzzi","order":"1461107563","rack":"Christiansen and Sons"},
{"date":"7/17/2020","name":"Norbie Clowes","location":"Abruzzi","order":"0225237598","rack":"Koepp, Frami and Brown"},
{"date":"8/9/2020","name":"Inger Deighton","location":"Abruzzi","order":"4831188921","rack":"Prosacco, Farrell and Schroeder"},
{"date":"9/27/2020","name":"Christy Wildin","location":"Abruzzi","order":"4951926547","rack":"Sipes, Williamson and Fay"},
{"date":"8/9/2020","name":"Mommy McCrae","location":"Abruzzi","order":"0895841606","rack":"Grant Group"},
{"date":"8/3/2020","name":"Brit Lodeke","location":"Abruzzi","order":"8296556529","rack":"Lemke LLC"},
{"date":"11/14/2020","name":"Fallon Gomby","location":"Abruzzi","order":"8968124248","rack":"Lindgren-Considine"},
{"date":"10/8/2020","name":"Wenona Bozier","location":"Abruzzi","order":"4403462324","rack":"Wyman-Boyer"},
{"date":"4/2/2020","name":"Janeva Hubbard","location":"Abruzzi","order":"9538145097","rack":"Reynolds-D'Amore"},
{"date":"4/5/2020","name":"Creighton Greeve","location":"Abruzzi","order":"0732628571","rack":"Ullrich-Bogisich"},
{"date":"12/3/2020","name":"Clim Welland","location":"Abruzzi","order":"7636536595","rack":"Prosacco LLC"},
{"date":"2/14/2021","name":"Darin Densumbe","location":"Abruzzi","order":"0209662123","rack":"Purdy-Keebler"},
{"date":"11/20/2020","name":"Rik Scottrell","location":"Abruzzi","order":"5195910766","rack":"Littel and Sons"},
{"date":"12/4/2020","name":"Lambert Allman","location":"Abruzzi","order":"6166797745","rack":"Buckridge Group"},
{"date":"9/11/2020","name":"Federica Mc Comb","location":"Abruzzi","order":"9019113607","rack":"Homenick LLC"},
{"date":"4/15/2020","name":"Mack Sabberton","location":"Abruzzi","order":"6600282959","rack":"Morissette LLC"},
{"date":"10/6/2020","name":"Winny Pohls","location":"Abruzzi","order":"6001976066","rack":"Mraz, Hodkiewicz and Shields"},
{"date":"5/3/2020","name":"Anetta Lindeberg","location":"Abruzzi","order":"1773188836","rack":"Jast, Bartoletti and Jenkins"},
{"date":"12/1/2020","name":"Farr Beincken","location":"Abruzzi","order":"0124299245","rack":"Price, Parker and Hermann"},
{"date":"12/25/2020","name":"Sheela Pestridge","location":"Abruzzi","order":"9451083464","rack":"Beahan Inc"},
{"date":"10/11/2020","name":"Guthrie Meltetal","location":"Abruzzi","order":"4854636025","rack":"Thompson, O'Reilly and Pollich"},
{"date":"4/2/2020","name":"Tyrone Russell","location":"Abruzzi","order":"1985072424","rack":"Legros, Marquardt and Bins"},
{"date":"6/8/2020","name":"Nickolai Feveryear","location":"Abruzzi","order":"9873639918","rack":"White Group"},
{"date":"5/21/2020","name":"Bertie Harken","location":"Abruzzi","order":"5015869088","rack":"O'Kon, Nolan and Berge"},
{"date":"10/26/2020","name":"Lanie Timbrell","location":"Abruzzi","order":"0271284218","rack":"Dickens-Johns"},
{"date":"10/17/2020","name":"Leonhard Stairs","location":"Abruzzi","order":"5820484541","rack":"Jakubowski, Schumm and Lindgren"},
{"date":"2/18/2021","name":"Sybila Krochmann","location":"Abruzzi","order":"4473232220","rack":"Weber-Marvin"},
{"date":"12/12/2020","name":"Winnie Bollam","location":"Abruzzi","order":"4152753862","rack":"Hessel, Jast and Aufderhar"},
{"date":"3/4/2021","name":"Townie Ratnage","location":"Abruzzi","order":"9215044639","rack":"Stokes-Rippin"},
{"date":"1/22/2021","name":"Clary Songust","location":"Abruzzi","order":"8061060620","rack":"Kuvalis, Gutmann and Kris"},
{"date":"9/20/2020","name":"Willetta Allwright","location":"Abruzzi","order":"5089527431","rack":"Crist Group"},
{"date":"1/20/2021","name":"Sashenka Dummett","location":"Abruzzi","order":"4230614322","rack":"Mitchell, Mraz and Jacobs"},
{"date":"6/22/2020","name":"Maxim Cossins","location":"Abruzzi","order":"9258092805","rack":"Lindgren-Heathcote"},
{"date":"2/15/2021","name":"Jessa Paull","location":"Abruzzi","order":"9333010556","rack":"McLaughlin, Hahn and O'Kon"},
{"date":"6/11/2020","name":"Christin Adami","location":"Abruzzi","order":"5092948469","rack":"Lebsack and Sons"},
{"date":"4/22/2020","name":"Shelley Rump","location":"Abruzzi","order":"6188572096","rack":"Romaguera LLC"},
{"date":"4/29/2020","name":"Nannie Beades","location":"Abruzzi","order":"3950846395","rack":"Tromp Group"},
{"date":"4/4/2020","name":"Thoma Grob","location":"Abruzzi","order":"3947487681","rack":"Witting, Nienow and Lind"},
{"date":"11/28/2020","name":"Sher Niland","location":"Abruzzi","order":"6058165628","rack":"Olson-Hills"},
{"date":"12/27/2020","name":"Liz Wankel","location":"Abruzzi","order":"5797596288","rack":"Weissnat and Sons"},
{"date":"1/21/2021","name":"Desi Instrell","location":"Abruzzi","order":"8357927300","rack":"Homenick, Steuber and VonRueden"},
{"date":"2/5/2021","name":"Orsa Galego","location":"Abruzzi","order":"7048862130","rack":"Legros-Feest"},
{"date":"12/23/2020","name":"Bernadine McGarry","location":"Abruzzi","order":"7862673522","rack":"Morar, Brekke and Walker"},
{"date":"10/14/2020","name":"Karol Schimon","location":"Abruzzi","order":"2593760036","rack":"Goldner-Ritchie"},
{"date":"2/7/2021","name":"Sorcha Domelow","location":"Abruzzi","order":"5203580669","rack":"Blanda Group"},
{"date":"11/26/2020","name":"Judith Chomley","location":"Abruzzi","order":"9758258532","rack":"Skiles LLC"},
{"date":"3/9/2021","name":"Minetta Iddiens","location":"Abruzzi","order":"8342830705","rack":"Schamberger-Fritsch"},
{"date":"11/28/2020","name":"Arnaldo Atteridge","location":"Abruzzi","order":"0662972260","rack":"Becker and Sons"},
{"date":"2/15/2021","name":"Wallie Brandi","location":"Abruzzi","order":"6206796167","rack":"Heidenreich and Sons"},
{"date":"8/4/2020","name":"Dodi Kettell","location":"Abruzzi","order":"2809509166","rack":"Schaefer Group"},
{"date":"7/28/2020","name":"Elke Burgot","location":"Abruzzi","order":"4221674431","rack":"Medhurst, Wisoky and Cartwright"},
{"date":"2/6/2021","name":"Justis Bridgland","location":"Abruzzi","order":"3539376585","rack":"Schumm Group"},
{"date":"3/1/2021","name":"Arel Simonin","location":"Abruzzi","order":"7320679086","rack":"O'Kon Inc"},
{"date":"8/30/2020","name":"Dunstan Carr","location":"Abruzzi","order":"1054873097","rack":"Kovacek Inc"},
{"date":"12/9/2020","name":"Corbett Blackater","location":"Abruzzi","order":"7484207543","rack":"Walker Inc"},
{"date":"8/31/2020","name":"Dolf Garlette","location":"Abruzzi","order":"4002418847","rack":"Greenfelder, Cummings and Mayer"},
{"date":"4/22/2020","name":"Lilli Langton","location":"Abruzzi","order":"6279385442","rack":"Pacocha-Stoltenberg"},
{"date":"3/22/2021","name":"Beaufort Sterzaker","location":"Abruzzi","order":"6078376136","rack":"Franecki, Bruen and Gulgowski"},
{"date":"10/9/2020","name":"Rubetta Gaffer","location":"Abruzzi","order":"1805204564","rack":"King-Moore"},
{"date":"4/3/2020","name":"Jo MacCahee","location":"Abruzzi","order":"0164177566","rack":"Doyle-Gleichner"},
{"date":"5/19/2020","name":"Rhianna Packe","location":"Abruzzi","order":"0082700176","rack":"Murray, Schumm and Stanton"},
{"date":"2/2/2021","name":"Leonard Valerius","location":"Abruzzi","order":"5034135361","rack":"Borer, Mann and Breitenberg"},
{"date":"12/20/2020","name":"Guenevere Coultard","location":"Abruzzi","order":"8172895623","rack":"Pagac and Sons"},
{"date":"1/3/2021","name":"Karleen McIlvenna","location":"Abruzzi","order":"1759639826","rack":"Hudson, Weimann and Altenwerth"},
{"date":"9/6/2020","name":"Donella Wickendon","location":"Abruzzi","order":"5213058426","rack":"Jerde Inc"},
{"date":"8/22/2020","name":"Lianne Covington","location":"Abruzzi","order":"3257983204","rack":"Bailey-Howe"},
{"date":"10/15/2020","name":"Skyler Seabon","location":"Abruzzi","order":"5643621444","rack":"Grady, Mills and Lueilwitz"},
{"date":"6/21/2020","name":"Alfi Faussett","location":"Abruzzi","order":"3037405163","rack":"Zemlak LLC"},
{"date":"3/9/2021","name":"Ekaterina Dewire","location":"Abruzzi","order":"2524510506","rack":"Lesch and Sons"},
{"date":"11/7/2020","name":"Olympia Giacomoni","location":"Abruzzi","order":"6452506188","rack":"Pouros LLC"},
{"date":"2/1/2021","name":"Morlee Balstone","location":"Abruzzi","order":"0858969335","rack":"Conroy Inc"},
{"date":"9/16/2020","name":"Obadias Risbrough","location":"Abruzzi","order":"9507196153","rack":"Pfannerstill-Ferry"},
{"date":"9/12/2020","name":"Emmett Glasscott","location":"Abruzzi","order":"7982149677","rack":"Runolfsdottir Group"},
{"date":"2/27/2021","name":"Megen Ferrone","location":"Abruzzi","order":"3664582780","rack":"Nienow-Koelpin"},
{"date":"12/2/2020","name":"Curry Pyvis","location":"Abruzzi","order":"6807373767","rack":"Skiles, Rice and Swift"},
{"date":"2/13/2021","name":"Olvan Szymanzyk","location":"Abruzzi","order":"2790742855","rack":"Nitzsche Group"},
{"date":"1/3/2021","name":"Iolande Raynham","location":"Abruzzi","order":"3983509428","rack":"Windler-McDermott"},
{"date":"9/24/2020","name":"Fayth Brennand","location":"Abruzzi","order":"2657596002","rack":"McDermott-Trantow"},
{"date":"4/10/2020","name":"Bettine Sansom","location":"Abruzzi","order":"9046050165","rack":"Pfeffer Inc"},
{"date":"11/2/2020","name":"Breanne Basnall","location":"Abruzzi","order":"2283087058","rack":"Emmerich-Kuhic"},
{"date":"5/11/2020","name":"Tammy Bedell","location":"Abruzzi","order":"4954185319","rack":"Conroy Group"},
{"date":"1/12/2021","name":"Wanids Brecknock","location":"Abruzzi","order":"4521843972","rack":"Wisoky Group"},
{"date":"3/14/2021","name":"Alex Shieldon","location":"Abruzzi","order":"8021577649","rack":"Hickle, Stroman and Beatty"},
{"date":"11/21/2020","name":"Natty Beeswing","location":"Abruzzi","order":"3182475061","rack":"Reilly, Toy and Schumm"},
{"date":"7/20/2020","name":"Carmita Queree","location":"Abruzzi","order":"5874635718","rack":"Zemlak-Harber"},
{"date":"12/11/2020","name":"Viva Phillot","location":"Abruzzi","order":"1597120871","rack":"Hettinger Inc"},
{"date":"11/23/2020","name":"Arliene Mora","location":"Abruzzi","order":"2244956296","rack":"Hyatt Inc"},
{"date":"12/28/2020","name":"Mehetabel Aartsen","location":"Abruzzi","order":"2796663914","rack":"Abbott LLC"},
{"date":"2/15/2021","name":"Silvain Pinkie","location":"Abruzzi","order":"0804501432","rack":"Schoen Inc"},
{"date":"8/30/2020","name":"Kelby Aldington","location":"Abruzzi","order":"7142131764","rack":"Ritchie-Bins"},
{"date":"1/17/2021","name":"Leanor Cumo","location":"Abruzzi","order":"0469617942","rack":"Weber Group"},
{"date":"2/17/2021","name":"Nadeen Calbreath","location":"Abruzzi","order":"2821845200","rack":"Douglas-Stark"},
{"date":"10/22/2020","name":"Twyla Gaize","location":"Abruzzi","order":"6436047174","rack":"McCullough Inc"},
{"date":"3/27/2020","name":"Lorilyn Wotton","location":"Abruzzi","order":"6106171394","rack":"Parisian, Weber and Durgan"},
{"date":"12/10/2020","name":"Christabella Brodest","location":"Abruzzi","order":"6485377018","rack":"Ullrich and Sons"},
{"date":"12/25/2020","name":"Gwendolen Feyer","location":"Abruzzi","order":"9319729018","rack":"Kihn-Beier"},
{"date":"4/22/2020","name":"Ted Baldery","location":"Abruzzi","order":"4126533915","rack":"Abernathy, Weber and Hudson"},
{"date":"4/21/2020","name":"Sophronia Camber","location":"Abruzzi","order":"4841426558","rack":"Hayes, Friesen and Crona"},
{"date":"6/18/2020","name":"Lauree Chiverstone","location":"Abruzzi","order":"9078320885","rack":"Turner, Kling and Keebler"},
{"date":"12/21/2020","name":"Der Veall","location":"Abruzzi","order":"5072130177","rack":"Von, Collins and Konopelski"},
{"date":"10/27/2020","name":"Mada Staves","location":"Abruzzi","order":"4279062757","rack":"Oberbrunner Inc"},
{"date":"5/27/2020","name":"Zechariah Baraja","location":"Abruzzi","order":"6907969661","rack":"Connelly Group"},
{"date":"4/16/2020","name":"Barb Pattle","location":"Abruzzi","order":"9231318993","rack":"Romaguera LLC"},
{"date":"8/24/2020","name":"Loren Sommerland","location":"Abruzzi","order":"3332064959","rack":"Predovic-Medhurst"},
{"date":"4/24/2020","name":"Freida Antal","location":"Abruzzi","order":"6210485111","rack":"Davis, Renner and Waters"},
{"date":"11/30/2020","name":"Cooper Villa","location":"Abruzzi","order":"5013433789","rack":"Schaden, Stroman and Altenwerth"},
{"date":"9/16/2020","name":"Loren Parker","location":"Abruzzi","order":"5877549448","rack":"Hickle-Emard"},
{"date":"8/3/2020","name":"Dulciana O' Hanvey","location":"Abruzzi","order":"7664041376","rack":"Ward, Huels and Walter"},
{"date":"9/25/2020","name":"Paulette Brettelle","location":"Abruzzi","order":"3914050748","rack":"Harvey and Sons"},
{"date":"2/4/2021","name":"Shelly Tolemache","location":"Abruzzi","order":"8053399118","rack":"McCullough-Wuckert"},
{"date":"12/13/2020","name":"Kristina Brisson","location":"Abruzzi","order":"6263425954","rack":"Brakus and Sons"},
{"date":"2/4/2021","name":"Ivie McMenamie","location":"Abruzzi","order":"6161324881","rack":"Maggio, Dooley and Walter"},
{"date":"10/26/2020","name":"Sofia Carver","location":"Abruzzi","order":"2263720146","rack":"Welch and Sons"},
{"date":"3/12/2021","name":"Milka Streader","location":"Abruzzi","order":"5766395183","rack":"Walter, Heidenreich and Terry"},
{"date":"2/23/2021","name":"Elene Stetson","location":"Abruzzi","order":"2659326347","rack":"Bauch-Fadel"},
{"date":"5/5/2020","name":"Gwyn Frend","location":"Abruzzi","order":"5369082138","rack":"Keebler LLC"},
{"date":"10/13/2020","name":"Kristen Bithell","location":"Abruzzi","order":"7574414955","rack":"Prohaska, Kunze and Feest"},
{"date":"9/17/2020","name":"Vinson Songest","location":"Abruzzi","order":"2117558070","rack":"Kassulke Inc"},
{"date":"6/25/2020","name":"Star Clemow","location":"Abruzzi","order":"9650078770","rack":"Hagenes Inc"},
{"date":"2/8/2021","name":"Fianna Roser","location":"Abruzzi","order":"0174349920","rack":"Kozey-Kihn"},
{"date":"7/24/2020","name":"Constantina Kiellor","location":"Abruzzi","order":"4877671617","rack":"Littel Group"},
{"date":"2/8/2021","name":"Major Bouette","location":"Abruzzi","order":"1791910319","rack":"Gorczany Inc"},
{"date":"2/27/2021","name":"Esra Burress","location":"Abruzzi","order":"4912792993","rack":"O'Kon, Rosenbaum and Mohr"},
{"date":"12/1/2020","name":"Rebekah Sand","location":"Abruzzi","order":"0997061987","rack":"Lindgren, Strosin and Glover"},
{"date":"6/8/2020","name":"Ninnetta McKinnon","location":"Abruzzi","order":"3695232706","rack":"Stroman, Fay and Gleichner"},
{"date":"9/5/2020","name":"Heinrik Silman","location":"Abruzzi","order":"8186622276","rack":"Schimmel Group"},
{"date":"5/8/2020","name":"Monroe Burdekin","location":"Abruzzi","order":"6688451549","rack":"Berge-Rath"},
{"date":"1/5/2021","name":"Wilhelm Bithany","location":"Abruzzi","order":"2665137690","rack":"Davis, Walter and Dietrich"},
{"date":"12/17/2020","name":"Harlen Sparsholt","location":"Abruzzi","order":"2980373478","rack":"Franecki LLC"},
{"date":"11/18/2020","name":"Galven McCloch","location":"Abruzzi","order":"4788454912","rack":"Gorczany LLC"},
{"date":"9/18/2020","name":"Adore Pleat","location":"Abruzzi","order":"1764161033","rack":"Adams and Sons"},
{"date":"3/10/2021","name":"Philomena Carbery","location":"Abruzzi","order":"3974985204","rack":"O'Kon Inc"},
{"date":"11/21/2020","name":"Billy Joanic","location":"Abruzzi","order":"8859091489","rack":"Little Group"},
{"date":"1/1/2021","name":"Patin Biskup","location":"Abruzzi","order":"0709504160","rack":"Watsica-Medhurst"},
{"date":"9/6/2020","name":"Homere Lamonby","location":"Abruzzi","order":"4474668146","rack":"Raynor-Gusikowski"},
{"date":"3/1/2021","name":"Wyatan Faithfull","location":"Abruzzi","order":"3964120170","rack":"Beahan, Pfannerstill and Stamm"},
{"date":"5/5/2020","name":"Gillian Hasney","location":"Abruzzi","order":"8687313411","rack":"Kemmer and Sons"},
{"date":"3/2/2021","name":"Nicola Portwaine","location":"Abruzzi","order":"3560548799","rack":"Witting Group"},
{"date":"9/14/2020","name":"Miguelita Lillyman","location":"Abruzzi","order":"6586529654","rack":"Bailey, Little and Ferry"},
{"date":"7/31/2020","name":"Henryetta Swanston","location":"Abruzzi","order":"7305530883","rack":"Walsh Group"},
{"date":"4/22/2020","name":"Alick Strutley","location":"Abruzzi","order":"9093260766","rack":"Streich-Christiansen"},
{"date":"4/20/2020","name":"Evan Crowth","location":"Abruzzi","order":"0359225098","rack":"Collier, D'Amore and Lehner"},
{"date":"4/28/2020","name":"Alic Cuttelar","location":"Abruzzi","order":"4766121813","rack":"Moore-Smith"},
{"date":"1/1/2021","name":"Blisse Turrell","location":"Abruzzi","order":"5462081391","rack":"Barton-Dare"},
{"date":"5/25/2020","name":"Titos Grinnell","location":"Abruzzi","order":"0908299982","rack":"Torphy Inc"},
{"date":"9/2/2020","name":"Carmine Bosquet","location":"Abruzzi","order":"0455525102","rack":"Borer-Williamson"},
{"date":"2/16/2021","name":"Aldon Falls","location":"Abruzzi","order":"4256098003","rack":"Wuckert Group"},
{"date":"2/20/2021","name":"Derick Mead","location":"Abruzzi","order":"8991930921","rack":"Gulgowski-Walsh"},
{"date":"9/11/2020","name":"Caroljean Fletcher","location":"Abruzzi","order":"6087641629","rack":"Oberbrunner and Sons"},
{"date":"6/9/2020","name":"Leia Keningley","location":"Abruzzi","order":"0497980983","rack":"Goyette-O'Keefe"},
{"date":"10/18/2020","name":"Amabelle Midgley","location":"Abruzzi","order":"1720071454","rack":"Cummings and Sons"},
{"date":"10/1/2020","name":"Monte Maystone","location":"Abruzzi","order":"8586053414","rack":"Block and Sons"},
{"date":"11/20/2020","name":"Lannie Gaskin","location":"Abruzzi","order":"3956517563","rack":"Dach Group"},
{"date":"3/6/2021","name":"Jermaine Dalwood","location":"Abruzzi","order":"5603341289","rack":"Runolfsdottir-Schuster"},
{"date":"2/18/2021","name":"Netta Haggas","location":"Abruzzi","order":"8814426694","rack":"Bahringer-Barrows"},
{"date":"4/27/2020","name":"Glori Lecky","location":"Abruzzi","order":"7532054098","rack":"Walker, Quigley and Wisoky"},
{"date":"1/5/2021","name":"Candra Langwade","location":"Abruzzi","order":"6908388174","rack":"Stokes-Waters"},
{"date":"12/15/2020","name":"Lanny de Clerq","location":"Abruzzi","order":"9229897280","rack":"Okuneva, Bayer and Gorczany"},
{"date":"8/18/2020","name":"Nathaniel Garfath","location":"Abruzzi","order":"6630299760","rack":"Kihn-Doyle"},
{"date":"1/7/2021","name":"Steffi Gartenfeld","location":"Abruzzi","order":"2069936821","rack":"Crona-Bruen"},
{"date":"7/2/2020","name":"Dilan Peagram","location":"Abruzzi","order":"3674813718","rack":"Emmerich, McKenzie and Krajcik"},
{"date":"11/26/2020","name":"Maura Sarfatti","location":"Abruzzi","order":"2728900337","rack":"Dietrich, Ernser and Will"},
{"date":"4/18/2020","name":"Percival Skivington","location":"Abruzzi","order":"2369654708","rack":"Rohan, Hilpert and Hermann"},
{"date":"3/29/2020","name":"Archibold Arens","location":"Abruzzi","order":"4377500406","rack":"Jacobson-Cormier"},
{"date":"7/15/2020","name":"Hermine Deble","location":"Abruzzi","order":"7643723494","rack":"Padberg, Predovic and Crooks"},
{"date":"1/20/2021","name":"Madelaine Dimitru","location":"Abruzzi","order":"4080052332","rack":"Tromp-Daugherty"},
{"date":"1/12/2021","name":"Ninetta Waddams","location":"Abruzzi","order":"7398500041","rack":"Wolf LLC"},
{"date":"8/6/2020","name":"Amil Loughnan","location":"Abruzzi","order":"5471785665","rack":"Beer-O'Hara"},
{"date":"3/30/2020","name":"Brigg Rudiger","location":"Abruzzi","order":"0433125748","rack":"Lindgren LLC"},
{"date":"5/20/2020","name":"Radcliffe Epton","location":"Abruzzi","order":"4040419723","rack":"Bosco, Zemlak and Auer"},
{"date":"6/3/2020","name":"Blakeley Horick","location":"Abruzzi","order":"9044556606","rack":"Gleichner, Kunze and Kutch"},
{"date":"6/4/2020","name":"Sarita Hitchens","location":"Abruzzi","order":"8073596202","rack":"Ondricka-Rogahn"},
{"date":"5/29/2020","name":"Phylys Davidesco","location":"Abruzzi","order":"8532114520","rack":"Collins, Hermiston and Farrell"},
{"date":"4/20/2020","name":"Dion O'Doherty","location":"Abruzzi","order":"5545193448","rack":"Cruickshank-Roberts"},
{"date":"12/18/2020","name":"Valaree Danels","location":"Abruzzi","order":"1130361926","rack":"Hettinger Group"},
{"date":"8/23/2020","name":"Francklin Gaythorpe","location":"Abruzzi","order":"7176782652","rack":"Pacocha-Kertzmann"},
{"date":"6/14/2020","name":"Bancroft Ivannikov","location":"Abruzzi","order":"7347089336","rack":"Vandervort-Pfannerstill"},
{"date":"9/19/2020","name":"Reynold Tingly","location":"Abruzzi","order":"6025953724","rack":"Kuphal Inc"},
{"date":"11/8/2020","name":"Norine Strodder","location":"Abruzzi","order":"9035801385","rack":"Oberbrunner-Mohr"},
{"date":"5/25/2020","name":"Devora Lafoy","location":"Abruzzi","order":"0871332280","rack":"Langosh, Lemke and Mertz"},
{"date":"6/25/2020","name":"Hewet Blenkinsop","location":"Abruzzi","order":"6803311554","rack":"Stehr, Leuschke and Kemmer"},
{"date":"9/28/2020","name":"Brittan Gorusso","location":"Abruzzi","order":"0233523634","rack":"Kunde, Romaguera and Hayes"},
{"date":"10/14/2020","name":"Mirabella Dripps","location":"Abruzzi","order":"6964136592","rack":"Gusikowski and Sons"},
{"date":"3/9/2021","name":"Concordia Labbez","location":"Abruzzi","order":"9762722655","rack":"Kulas-Trantow"},
{"date":"11/14/2020","name":"Susette Ragbourne","location":"Abruzzi","order":"0142410292","rack":"Rolfson, Mayert and Christiansen"},
{"date":"6/11/2020","name":"Liam Dearness","location":"Abruzzi","order":"0258976179","rack":"Will-Shields"},
{"date":"10/25/2020","name":"Oates Gwyther","location":"Abruzzi","order":"8033039655","rack":"Hoeger, Harvey and Rice"},
{"date":"1/15/2021","name":"Frankie Bebbington","location":"Abruzzi","order":"5430077402","rack":"Jacobson-Cummerata"},
{"date":"4/9/2020","name":"Dominick Livermore","location":"Abruzzi","order":"3557298485","rack":"Lang, Nolan and Lang"},
{"date":"4/1/2020","name":"Arlan de Courcy","location":"Abruzzi","order":"4471630105","rack":"Sanford LLC"},
{"date":"12/2/2020","name":"Karlis Seers","location":"Abruzzi","order":"6010800676","rack":"Carter and Sons"},
{"date":"4/7/2020","name":"Doe Drinkhill","location":"Abruzzi","order":"0454309740","rack":"Schmitt-Schultz"},
{"date":"9/10/2020","name":"Rosalynd Birkby","location":"Abruzzi","order":"2431901718","rack":"Kohler LLC"},
{"date":"11/19/2020","name":"Lynelle Garmanson","location":"Abruzzi","order":"1271463644","rack":"Nolan-Balistreri"},
{"date":"11/3/2020","name":"Yalonda Moisey","location":"Abruzzi","order":"9663481110","rack":"Volkman, Muller and Abbott"},
{"date":"9/30/2020","name":"Florian Hasty","location":"Abruzzi","order":"2093402319","rack":"Thiel, Aufderhar and Feil"},
{"date":"12/22/2020","name":"Margi Killingbeck","location":"Abruzzi","order":"1923385488","rack":"Shields LLC"},
{"date":"7/5/2020","name":"Olwen Connor","location":"Abruzzi","order":"0316749613","rack":"Bayer Inc"},
{"date":"11/10/2020","name":"Nil Oxby","location":"Abruzzi","order":"1670907422","rack":"Schmitt, Flatley and Gutmann"},
{"date":"10/12/2020","name":"Riordan Gathercole","location":"Abruzzi","order":"9216135476","rack":"Jacobson, Fay and Hilll"},
{"date":"10/12/2020","name":"Zitella Sinson","location":"Abruzzi","order":"2496478380","rack":"Spencer, Schmeler and Barton"},
{"date":"12/11/2020","name":"Roze Venables","location":"Abruzzi","order":"1464707103","rack":"Rodriguez Group"},
{"date":"1/7/2021","name":"Joete Haste","location":"Abruzzi","order":"6982866149","rack":"Ruecker-Jenkins"},
{"date":"1/16/2021","name":"Hew Devonald","location":"Abruzzi","order":"2570029076","rack":"Luettgen-Block"},
{"date":"2/25/2021","name":"Chevalier Humes","location":"Abruzzi","order":"0314480315","rack":"Hagenes, Schowalter and Schumm"},
{"date":"1/13/2021","name":"Gamaliel Earwaker","location":"Abruzzi","order":"3079464869","rack":"Harvey, Hudson and Mayert"},
{"date":"7/11/2020","name":"Randa Boardman","location":"Abruzzi","order":"5332228651","rack":"Rodriguez-Gleason"},
{"date":"9/20/2020","name":"Arch Pimbley","location":"Abruzzi","order":"1848574142","rack":"Stoltenberg-Reichel"},
{"date":"7/25/2020","name":"Bobbi Cordy","location":"Abruzzi","order":"9307113181","rack":"Borer-Christiansen"},
{"date":"5/26/2020","name":"Therine Foulkes","location":"Abruzzi","order":"9475217096","rack":"Rempel Inc"},
{"date":"5/11/2020","name":"Remington Michallat","location":"Abruzzi","order":"8661917921","rack":"Jacobson-Morar"},
{"date":"6/26/2020","name":"Isac Gogarty","location":"Abruzzi","order":"4523217092","rack":"Stroman-Crona"},
{"date":"9/30/2020","name":"Page Buesden","location":"Abruzzi","order":"8677749942","rack":"Tillman, Swift and Konopelski"},
{"date":"9/28/2020","name":"Jordain Lupton","location":"Abruzzi","order":"7891922616","rack":"Lang-Altenwerth"},
{"date":"4/22/2020","name":"Artus Gunning","location":"Abruzzi","order":"1071933205","rack":"Hudson, Grant and Moen"},
{"date":"2/22/2021","name":"Rosalia Zelland","location":"Abruzzi","order":"6592514868","rack":"Gerlach, Feest and Quigley"},
{"date":"5/24/2020","name":"Gib Kerwin","location":"Abruzzi","order":"1418969443","rack":"Thiel-Casper"},
{"date":"4/13/2020","name":"Felice Worthing","location":"Abruzzi","order":"0769322166","rack":"Schaefer LLC"},
{"date":"7/23/2020","name":"Lindsey Olenikov","location":"Abruzzi","order":"5012799836","rack":"Lowe, Cummings and Heathcote"},
{"date":"9/4/2020","name":"Euphemia Vida","location":"Abruzzi","order":"5285163668","rack":"Renner-O'Conner"},
{"date":"5/2/2020","name":"Horst Tollfree","location":"Abruzzi","order":"1017509050","rack":"Bashirian-Jaskolski"},
{"date":"9/2/2020","name":"Dody Clunan","location":"Abruzzi","order":"4948092312","rack":"Haley-Rodriguez"},
{"date":"1/8/2021","name":"Claus Meake","location":"Abruzzi","order":"7088665182","rack":"Feil, Wiegand and Brakus"},
{"date":"12/26/2020","name":"Christin Livoir","location":"Abruzzi","order":"0672693100","rack":"Walter LLC"},
{"date":"9/1/2020","name":"Marcos Baignard","location":"Abruzzi","order":"0285440063","rack":"Fritsch Inc"},
{"date":"2/24/2021","name":"Kathi Richmond","location":"Abruzzi","order":"4046260424","rack":"Feest and Sons"},
{"date":"5/5/2020","name":"Sigvard Jestico","location":"Abruzzi","order":"7476135393","rack":"Kemmer LLC"},
{"date":"3/14/2021","name":"Romonda Tomaini","location":"Abruzzi","order":"2505119538","rack":"Feil, Hettinger and Waters"},
{"date":"10/21/2020","name":"Launce Goede","location":"Abruzzi","order":"8389973103","rack":"Nicolas-Gulgowski"},
{"date":"3/21/2021","name":"Aymer Eakle","location":"Abruzzi","order":"6752929548","rack":"Moen, Reinger and Harris"},
{"date":"3/9/2021","name":"Carson Laurent","location":"Abruzzi","order":"9145390088","rack":"Champlin Group"},
{"date":"1/10/2021","name":"Lorne Musselwhite","location":"Abruzzi","order":"6729144947","rack":"Herman, Gerlach and O'Keefe"},
{"date":"2/24/2021","name":"Putnem Jermey","location":"Abruzzi","order":"0762199784","rack":"Wisozk Group"},
{"date":"5/11/2020","name":"Roddie Ormshaw","location":"Abruzzi","order":"1136197974","rack":"Jenkins, Auer and Schulist"},
{"date":"2/14/2021","name":"Biddy Dufton","location":"Abruzzi","order":"3378382600","rack":"Kozey-Lindgren"},
{"date":"11/15/2020","name":"Bryn Jeavons","location":"Abruzzi","order":"1263252265","rack":"Ebert Inc"},
{"date":"4/24/2020","name":"Ilsa Albinson","location":"Abruzzi","order":"7309833937","rack":"Sporer, Pfannerstill and Jones"},
{"date":"4/12/2020","name":"Blythe Fusedale","location":"Abruzzi","order":"9811300712","rack":"Klein, Kovacek and Kutch"},
{"date":"6/22/2020","name":"Kacy Vagg","location":"Abruzzi","order":"5648417373","rack":"Raynor-Rice"},
{"date":"2/2/2021","name":"Marcellus De Filippis","location":"Abruzzi","order":"3202534807","rack":"Wyman, Dietrich and Crona"},
{"date":"8/28/2020","name":"Sophie Denington","location":"Abruzzi","order":"0337326649","rack":"Kris LLC"},
{"date":"10/29/2020","name":"Beverlie Helis","location":"Abruzzi","order":"2703193807","rack":"Waters Inc"},
{"date":"6/30/2020","name":"Mirella Jankowski","location":"Abruzzi","order":"5716766692","rack":"Schneider-Murazik"},
{"date":"5/13/2020","name":"Constantine McVeigh","location":"Abruzzi","order":"1029902615","rack":"Hyatt Inc"},
{"date":"3/22/2021","name":"Roz Crutcher","location":"Abruzzi","order":"6127916933","rack":"Adams-Hagenes"},
{"date":"3/29/2020","name":"Roda Courtin","location":"Abruzzi","order":"5091991107","rack":"Barrows LLC"},
{"date":"11/14/2020","name":"Delaney Culvey","location":"Abruzzi","order":"0616276400","rack":"Watsica-Effertz"},
{"date":"4/9/2020","name":"Dalenna Wimes","location":"Abruzzi","order":"5236851262","rack":"Sanford LLC"},
{"date":"2/7/2021","name":"Stanislaus Baxstair","location":"Abruzzi","order":"0898340861","rack":"Borer, Bernhard and Hermann"},
{"date":"5/22/2020","name":"Gideon Champley","location":"Abruzzi","order":"6913088450","rack":"Oberbrunner Group"},
{"date":"2/23/2021","name":"Mel Conry","location":"Abruzzi","order":"0878924191","rack":"Dibbert Group"},
{"date":"9/1/2020","name":"Xymenes Vause","location":"Abruzzi","order":"8094591463","rack":"Schneider-Kertzmann"},
{"date":"2/14/2021","name":"Gerianna Chanders","location":"Abruzzi","order":"4217777620","rack":"Rutherford, Haag and Waelchi"},
{"date":"2/1/2021","name":"Welby Blenkinsopp","location":"Abruzzi","order":"3041982978","rack":"Kub, Hettinger and Schmidt"},
{"date":"7/22/2020","name":"Bessie Seyler","location":"Abruzzi","order":"1686692293","rack":"Stracke Group"},
{"date":"12/27/2020","name":"Tobe Hollyman","location":"Abruzzi","order":"5871302300","rack":"Windler and Sons"},
{"date":"3/24/2020","name":"Valdemar Delgadillo","location":"Abruzzi","order":"9265421290","rack":"Windler-Huels"},
{"date":"2/21/2021","name":"Amye Wolfinger","location":"Abruzzi","order":"1971248614","rack":"Heathcote, King and Armstrong"},
{"date":"6/15/2020","name":"Birgitta Robilart","location":"Abruzzi","order":"6277055429","rack":"Boehm, Barrows and Schaefer"},
{"date":"12/4/2020","name":"Trstram April","location":"Abruzzi","order":"5348092029","rack":"Wisozk and Sons"},
{"date":"2/15/2021","name":"Jacintha Matias","location":"Abruzzi","order":"3564487921","rack":"Cormier Inc"},
{"date":"12/25/2020","name":"Cordelie Bilham","location":"Abruzzi","order":"0958233306","rack":"Maggio Inc"},
{"date":"8/3/2020","name":"Barbey January","location":"Abruzzi","order":"1583285970","rack":"Schmitt, Purdy and Mante"},
{"date":"4/12/2020","name":"Alfy Everil","location":"Abruzzi","order":"6462821779","rack":"Graham-Price"},
{"date":"9/4/2020","name":"Bartholemy Ibel","location":"Abruzzi","order":"7667630038","rack":"Bins LLC"},
{"date":"7/6/2020","name":"Malvina Esche","location":"Abruzzi","order":"8475313221","rack":"Howell Inc"},
{"date":"9/27/2020","name":"Aguste McGroarty","location":"Abruzzi","order":"1847238807","rack":"Abbott, Becker and Goldner"},
{"date":"3/6/2021","name":"Godfry Board","location":"Abruzzi","order":"4853002847","rack":"Hegmann, Cartwright and Okuneva"},
{"date":"4/30/2020","name":"Fons Howcroft","location":"Abruzzi","order":"2256520382","rack":"Mann-Goyette"},
{"date":"6/22/2020","name":"Savina Sample","location":"Abruzzi","order":"2727805241","rack":"Denesik Inc"},
{"date":"11/6/2020","name":"Ransell Brimson","location":"Abruzzi","order":"0763804649","rack":"Mertz, Fisher and Dibbert"},
{"date":"5/28/2020","name":"Coralyn Haylor","location":"Abruzzi","order":"0434564281","rack":"Jerde-Robel"},
{"date":"11/13/2020","name":"Erik Gudgen","location":"Abruzzi","order":"3575745528","rack":"Parker, Rice and Kreiger"},
{"date":"9/18/2020","name":"Mile Hancorn","location":"Abruzzi","order":"8866977349","rack":"Terry-Hartmann"},
{"date":"12/26/2020","name":"Rae Spirit","location":"Abruzzi","order":"9308801103","rack":"Wyman Group"},
{"date":"2/18/2021","name":"Heida McKniely","location":"Abruzzi","order":"3160347974","rack":"Wehner-Fay"},
{"date":"7/26/2020","name":"Conway Colyer","location":"Abruzzi","order":"4606102667","rack":"Wehner, Dooley and Frami"},
{"date":"11/26/2020","name":"Gerti Kennsley","location":"Abruzzi","order":"4311322747","rack":"Wolff LLC"},
{"date":"2/22/2021","name":"Any Smalecombe","location":"Abruzzi","order":"9737744411","rack":"Marks, Skiles and Medhurst"},
{"date":"6/15/2020","name":"Merill Eisold","location":"Abruzzi","order":"3912514348","rack":"Hettinger Group"},
{"date":"6/5/2020","name":"Monty Kloster","location":"Abruzzi","order":"1543493254","rack":"Kessler, Lesch and Russel"},
{"date":"7/15/2020","name":"Grete Maun","location":"Abruzzi","order":"8383135866","rack":"Williamson, Hamill and Grimes"},
{"date":"12/30/2020","name":"Nicolai Gobeaux","location":"Abruzzi","order":"0878422838","rack":"Reichel, Hayes and Rippin"},
{"date":"4/15/2020","name":"Kelsey Lowdham","location":"Abruzzi","order":"6361897265","rack":"Dibbert, Langworth and Shanahan"},
{"date":"12/26/2020","name":"Viviana Sawnwy","location":"Abruzzi","order":"5493602229","rack":"Gorczany, Quigley and Stroman"},
{"date":"6/17/2020","name":"Diann Bletso","location":"Abruzzi","order":"3339615802","rack":"McClure-Anderson"},
{"date":"7/28/2020","name":"Janella Herion","location":"Abruzzi","order":"4807724169","rack":"Labadie-Wyman"},
{"date":"7/26/2020","name":"Dimitri Chesterman","location":"Abruzzi","order":"5742960832","rack":"Bashirian, Erdman and Brown"},
{"date":"7/4/2020","name":"Erie Tanner","location":"Abruzzi","order":"4077319110","rack":"Schroeder, Windler and Pfeffer"},
{"date":"8/16/2020","name":"Rufe Ygou","location":"Abruzzi","order":"2639399373","rack":"Nicolas, Spencer and Bergnaum"},
{"date":"9/3/2020","name":"Marsha Holwell","location":"Abruzzi","order":"6064936746","rack":"Kiehn-Stamm"},
{"date":"1/12/2021","name":"Caesar L'Homme","location":"Abruzzi","order":"3137138442","rack":"Kunde, Stehr and Skiles"},
{"date":"12/16/2020","name":"Johannes Kivelle","location":"Abruzzi","order":"2513973968","rack":"Greenholt LLC"},
{"date":"10/5/2020","name":"Bernie Bramhall","location":"Abruzzi","order":"6172061488","rack":"Kreiger Inc"},
{"date":"3/30/2020","name":"Yoko Bratley","location":"Abruzzi","order":"1698035152","rack":"Stokes-Daniel"},
{"date":"1/14/2021","name":"Dynah Horrod","location":"Abruzzi","order":"7622005789","rack":"Corkery, Terry and Hudson"},
{"date":"1/19/2021","name":"Ephrayim Rangle","location":"Abruzzi","order":"0091913632","rack":"Schroeder, Mohr and Thompson"},
{"date":"4/8/2020","name":"Dennet Armstead","location":"Abruzzi","order":"9726653347","rack":"Quitzon Inc"},
{"date":"3/27/2020","name":"Sargent Grigolashvill","location":"Abruzzi","order":"6996331307","rack":"Deckow, Ritchie and Gusikowski"},
{"date":"11/28/2020","name":"Lorens Carlow","location":"Abruzzi","order":"5326895161","rack":"Farrell Inc"},
{"date":"8/24/2020","name":"Ansley Harradine","location":"Abruzzi","order":"0758009658","rack":"Schmeler, Reilly and Denesik"},
{"date":"1/19/2021","name":"Corinna Gathercoal","location":"Abruzzi","order":"3913569022","rack":"Barton, Towne and Effertz"},
{"date":"11/23/2020","name":"Willey Storcke","location":"Abruzzi","order":"2492864251","rack":"Dickens Inc"},
{"date":"5/19/2020","name":"Sib Normanvill","location":"Abruzzi","order":"0516006290","rack":"Stokes Group"},
{"date":"6/11/2020","name":"Preston Stellin","location":"Abruzzi","order":"6424085858","rack":"Bartell-Morar"},
{"date":"6/19/2020","name":"Donni Crickmer","location":"Abruzzi","order":"8578189345","rack":"Stanton LLC"},
{"date":"10/12/2020","name":"Domenic Prebble","location":"Abruzzi","order":"9001124895","rack":"Lebsack and Sons"},
{"date":"1/8/2021","name":"Linn Snoddy","location":"Abruzzi","order":"0194421333","rack":"Reichert, Kovacek and Denesik"},
{"date":"3/6/2021","name":"Slade Jeffcock","location":"Abruzzi","order":"9204618515","rack":"Mueller-Padberg"},
{"date":"9/4/2020","name":"Georas Simson","location":"Abruzzi","order":"5869453925","rack":"Bergstrom-Marks"},
{"date":"3/6/2021","name":"Orren Bohills","location":"Abruzzi","order":"5587205878","rack":"Wunsch Group"},
{"date":"10/29/2020","name":"Davie Blakeden","location":"Abruzzi","order":"3908244110","rack":"Barrows, Hoppe and Boehm"},
{"date":"10/1/2020","name":"Ramonda De Mitris","location":"Abruzzi","order":"0147880637","rack":"Rutherford-Lowe"},
{"date":"3/30/2020","name":"Dorena Covington","location":"Abruzzi","order":"4323245033","rack":"Blick-Berge"},
{"date":"11/21/2020","name":"Brnaba Ibbett","location":"Abruzzi","order":"6673108576","rack":"Bernier, Pollich and Jacobi"},
{"date":"5/5/2020","name":"Luella Sarfat","location":"Abruzzi","order":"3844481818","rack":"Kling Inc"},
{"date":"5/21/2020","name":"Luelle Benit","location":"Abruzzi","order":"6396393662","rack":"Ledner, Streich and Hickle"},
{"date":"9/30/2020","name":"Paolina Fance","location":"Abruzzi","order":"6478282546","rack":"Crona-Fritsch"},
{"date":"8/2/2020","name":"Juliann Breeder","location":"Abruzzi","order":"2206141841","rack":"Friesen-Kessler"},
{"date":"9/19/2020","name":"Gerek Hebbs","location":"Abruzzi","order":"5613166374","rack":"Kris, Kilback and Hodkiewicz"},
{"date":"5/20/2020","name":"Burty Andrick","location":"Abruzzi","order":"7399196915","rack":"Schowalter-Dach"},
{"date":"2/5/2021","name":"Adler Jowle","location":"Abruzzi","order":"3212054700","rack":"Stark LLC"},
{"date":"3/22/2021","name":"Johnathon Pilbeam","location":"Abruzzi","order":"8587643940","rack":"Steuber LLC"},
{"date":"12/22/2020","name":"Lotti Towriss","location":"Abruzzi","order":"9191245311","rack":"Welch-Klein"},
{"date":"1/15/2021","name":"Tonia Robardley","location":"Abruzzi","order":"5652873493","rack":"Jerde, Metz and Swift"},
{"date":"4/29/2020","name":"Waldo Rzehorz","location":"Abruzzi","order":"6356601663","rack":"Armstrong, Bruen and Block"},
{"date":"4/29/2020","name":"Angelle Wilkisson","location":"Abruzzi","order":"6902973814","rack":"Krajcik Group"},
{"date":"2/5/2021","name":"Wake Rolley","location":"Abruzzi","order":"2921988178","rack":"McGlynn Group"},
{"date":"10/9/2020","name":"Nickolai Gomez","location":"Abruzzi","order":"8308388647","rack":"Pfannerstill Inc"},
{"date":"3/5/2021","name":"Amandie Riping","location":"Abruzzi","order":"6157397799","rack":"Altenwerth-Quigley"},
{"date":"12/1/2020","name":"Shane Balfre","location":"Abruzzi","order":"2539267793","rack":"Fadel, Schaefer and MacGyver"},
{"date":"5/21/2020","name":"Trescha Pendlebury","location":"Abruzzi","order":"2754293477","rack":"Connelly-Schmidt"},
{"date":"4/14/2020","name":"Dietrich McLardie","location":"Abruzzi","order":"5228204970","rack":"Tillman, Parisian and Corwin"},
{"date":"9/9/2020","name":"Beryle Trenouth","location":"Abruzzi","order":"1566621062","rack":"Lemke, Schneider and Nader"},
{"date":"4/1/2020","name":"Claudetta Dufour","location":"Abruzzi","order":"3747819230","rack":"Harber, Kozey and Stark"},
{"date":"11/11/2020","name":"Trista McQueen","location":"Abruzzi","order":"0725526793","rack":"Haag-Thiel"},
{"date":"11/27/2020","name":"Oralee Barnson","location":"Abruzzi","order":"9325357240","rack":"Johnston, Maggio and Gaylord"},
{"date":"4/2/2020","name":"Cross Blinckhorne","location":"Abruzzi","order":"1464374953","rack":"Wilkinson, Miller and Shields"},
{"date":"5/7/2020","name":"Jacquenette Whitnell","location":"Abruzzi","order":"4233895527","rack":"Rogahn Inc"},
{"date":"1/12/2021","name":"Emogene De Bernardi","location":"Abruzzi","order":"7090150593","rack":"Doyle-Littel"},
{"date":"5/17/2020","name":"Burr Dillow","location":"Abruzzi","order":"4147533671","rack":"Anderson, Feil and Armstrong"},
{"date":"2/10/2021","name":"Myrtie Erwin","location":"Abruzzi","order":"3177434697","rack":"Lowe Inc"},
{"date":"4/15/2020","name":"Brenn Dominici","location":"Abruzzi","order":"0016245989","rack":"Wolff, Grant and Zemlak"},
{"date":"11/25/2020","name":"Freddi Oliphant","location":"Abruzzi","order":"2226729968","rack":"Cartwright Inc"},
{"date":"3/5/2021","name":"Harmony Dewi","location":"Abruzzi","order":"9747063581","rack":"Lindgren LLC"},
{"date":"9/19/2020","name":"Nikolai Gorey","location":"Abruzzi","order":"1587513536","rack":"Zboncak-Wilkinson"},
{"date":"10/7/2020","name":"Rowena Niccols","location":"Abruzzi","order":"5466738506","rack":"Tromp-Hickle"},
{"date":"3/13/2021","name":"Joey Pawlyn","location":"Abruzzi","order":"3527267077","rack":"Carroll-Zieme"}]