{
  "data": {
    "reference": "Jul0011-21",
    "stage": "confirmed",
    "status": "ok",
    "draft": false,
    "notes": [
      {
        "id": 6123654555893760,
        "note": "Delivery will be to the grand Hilton head inn at 36 S. Forest Beach Dr. and pick up will be at the Secrest surf and racquet at 3 avocet rd. Will call you tomorrow as we spoke via email tonight to put in a final day. Complete rental will be from July 1 through the 9th. ",
        "created_ts": 1618276808744,
        "created_user_id": null,
        "created_user_name": null,
        "updated_ts": null,
        "updated_user_id": null
      }
    ],
    "items": [
      {
        "id": 1038630009,
        "size": "26\" M",
        "name": "High Crossbar",
        "status": null,
        "items": [],
        "extras": [
          {
            "id": 6013601286979584,
            "name": "Basket"
          }
        ],
        "item_id": 102155,
        "item_search_term": null,
        "store_ref": null,
        "category_id": "1579460912264",
        "lock_code": null,
        "client_id": null,
        "notes": null,
        "product_family_id": 4827492811538432,
        "product_line_id": 102000,
        "price": 45.00,
        "price_overridden": false,
        "home_location": null,
        "current_location": null,
        "service_points": 0,
        "safety_checked": false,
        "inventory_type": "item",
        "parent_id": null,
        "checkin_notes": null,
        "checkin_broken": false,
        "actual_checkin_ts": null,
        "actual_checkout_ts": null,
        "created_ts": 1618276808355,
        "created_user_id": null,
        "updated_ts": null,
        "updated_user_id": null
      },
      {
        "id": 1038640006,
        "size": "26\" A",
        "name": "Adult Mid Crossbar",
        "status": null,
        "items": [],
        "extras": [
          {
            "id": 6013601286979584,
            "name": "Basket"
          }
        ],
        "item_id": 105611,
        "item_search_term": null,
        "store_ref": null,
        "category_id": "1579460912264",
        "lock_code": null,
        "client_id": null,
        "notes": null,
        "product_family_id": 5429922641215488,
        "product_line_id": 105000,
        "price": 45.00,
        "price_overridden": false,
        "home_location": null,
        "current_location": null,
        "service_points": 0,
        "safety_checked": false,
        "inventory_type": "item",
        "parent_id": null,
        "checkin_notes": null,
        "checkin_broken": false,
        "actual_checkin_ts": null,
        "actual_checkout_ts": null,
        "created_ts": 1618276808355,
        "created_user_id": null,
        "updated_ts": null,
        "updated_user_id": null
      }
    ],
    "channel": "obw3",
    "issues": [],
    "stripeLinked": true,
    "reservation_type_id": -1,
    "group_name": null,
    "group": null,
    "group_id": null,
    "start_date": "2021-07-01",
    "end_date": "2021-07-08",
    "start_time": "16:00",
    "end_time": "16:00",
    "booking_language": "en",
    "customer_id": 1905,
    "customer_first_name": "Kimberly ",
    "customer_last_name": "Bailey",
    "customer_phone_number": "7817999051",
    "customer_stripe_id": "cus_HYeuEZmeOmSutC",
    "customer_signature_ts": null,
    "customer_email": "kmcdonough9051@gmail.com",
    "tax_model": "tax_exclusive",
    "total_price": 100.58,
    "total_tax": 6.58,
    "total_discount": 0.00,
    "total_received": 100.58,
    "sub_total": 94.00,
    "balance": 0.00,
    "discount": 0.00,
    "discount_code": null,
    "pricing_type": "detail_up_auto",
    "item_count": 2,
    "has_notes": true,
    "has_generic_items": true,
    "has_delivery": true,
    "delivery_notes": null,
    "delivery_time": null,
    "is_stripe_linked": true,
    "actual_checkin_ts": null,
    "actual_checkout_ts": null,
    "just_do_it": false,
    "pricing_v2": true,
    "tax_lines": [],
    "billable_days": 7,
    "overridden_billable_days": null,
    "delivery_price": null,
    "delivery_tax": 0.00,
    "pickup_price": null,
    "pickup_tax": 0.00,
    "start_location": "",
    "end_location": "",
    "referrer": "",
    "security_deposit_notes": null,
    "security_deposit_amount": 0.00,
    "security_deposit_returned": false,
    "delivery_slot_id": null,
    "pickup_slot_id": null,
    "pickup_address": null,
    "delivery_address": {
      "id": 6537877375156224,
      "address_line1": null,
      "address_line2": null,
      "city": null,
      "state": null,
      "postal_code": null,
      "country": null
    },
    "delivery_address_id": 6537877375156224,
    "pickup_address_id": null,
    "has_issues": false,
    "created_ts": 1618276808355,
    "created_user_id": null,
    "updated_ts": 1618322479036,
    "updated_user_id": 6676046282752000
  },
  "event": "reservation.update"
}